URL,Key,Response,actual_result,correct,Prompt
https://en.wikipedia.org/wiki/1990_Ben_Hogan_Tour,Purse (US$),100000,['Ben Hogan Quicksilver Open'],-1,"Based on the following table: 
Winners and details of tournaments on the 1990 Ben Hogan Tour.
```
Date,Tournament,Location,Purse (US$),Winner
Feb 04,Ben Hogan Bakersfield Open,California,100000,Mike Springer
Feb 11,Ben Hogan Yuma Open,Arizona,100000,Rick Pearson
Mar 04,Ben Hogan South Texas Open,Texas,100000,Brad Bell
Mar 11,Ben Hogan Baton Rouge Open,Louisiana,100000,Dicky Thompson
Mar 18,Ben Hogan Gulf Coast Classic,Mississippi,100000,Dick Mast
Mar 25,Ben Hogan Panama City Beach Classic,Florida,100000,Buddy Gardner
Apr 01,Ben Hogan Lake City Classic,Florida,100000,Jim McGovern
Apr 15,Ben Hogan Pensacola Open,Florida,100000,Dick Mast
Apr 22,Ben Hogan Gateway Open,Florida,100000,Ted Tryba
Apr 29,Ben Hogan Macon Open,Georgia,100000,Ed Humenik
May 13,Ben Hogan Knoxville Open,Tennessee,100000,Jeff Maggert
May 20,Ben Hogan Elizabethtown Open,Kentucky,100000,Dicky Thompson
Jun 03,Ben Hogan Quicksilver Open,Pennsylvania,150000,R. W. Eaks
Jun 10,Ben Hogan Quail Hollow Open,Ohio,100000,Barry Cheesman
Jun 17,Ben Hogan Fort Wayne Open,Indiana,100000,Dick Mast
Jul 01,Ben Hogan Central New York Classic,New York,100000,Tom Garner
Jul 08,Ben Hogan New Haven Open,Connecticut,100000,Jim McGovern
Jul 15,Ben Hogan New England Classic,Maine,100000,Brandel Chamblee
Jul 22,Ben Hogan Buffalo Open,New York,100000,Jeff Maggert
Aug 05,Ben Hogan Dakota Dunes Open,South Dakota,100000,Kim Young
Aug 12,Ben Hogan Kansas City Classic,Kansas,100000,Trevor Dodds
Aug 19,Ben Hogan Greater Ozarks Open,Missouri,100000,Jeff Cook
Aug 26,Ben Hogan Reflection Ridge,Kansas,100000,Tom Lehman
Sep 02,Ben Hogan Texarkana Open,Arkansas,100000,Jim McGovern
Sep 09,Ben Hogan Amarillo Open,Texas,100000,Lindy Miller
Sep 16,Ben Hogan Utah Classic,Utah,100000,John Daly
Sep 23,Ben Hogan Boise Open,Idaho,100000,Ricky Smallridge
Sep 30,Ben Hogan Reno Open,Nevada,100000,Mike Springer
Oct 07,Ben Hogan Santa Rosa Open,California,100000,Ed Humenik
Oct 21,Ben Hogan El Paso Open,Texas,100000,Mike Springer

```
Which 'Tournament' has the second from the bottom value in the 'Purse (US$)' column ?

Return only the value, with no additional words, punctuation, or explanation.
If you are unsure, return the most likely value from your knowledge; do not guess or make something up."
https://en.wikipedia.org/wiki/1990_PGA_Tour_of_Australia,OWGR points,12.0,['Australian PGA Championship'],-1,"Based on the following table: 
Tournaments, locations, prize purses, winners, and OWGR points from the 1990 PGA Tour of Australia season.
```
Date,Tournament,Location,Purse (A$),Winner,OWGR points
14 Jan,Daikyo Palm Meadows Cup,Queensland,800000,Rodger Davis,42.0
21 Jan,Coca-Cola Classic,Victoria,700000,Ronan Rafferty,32.0
28 Jan,Vines Classic,Western Australia,700000,Jeff Maggert,22.0
04 Feb,Victorian Open,Victoria,,Cancelled,
11 Feb,Mercedes-Benz Australian Match Play Championship,Victoria,200000,David Iwasaki-Smith,12.0
18 Feb,Australian Masters,Victoria,500000,Greg Norman,44.0
11 Mar,Monro Interiors Nedlands Masters,Western Australia,150000,John Morse,12.0
04 Nov,New South Wales Open,New South Wales,50000,Ken Trimble,12.0
11 Nov,Air New Zealand Shell Open,New Zealand,""NZ$250,000"",Wayne Riley,12.0
18 Nov,West End South Australian Open,South Australia,150000,Mike Harwood,12.0
25 Nov,Australian PGA Championship,New South Wales,500000,Brett Ogle,16.0
02 Dec,Australian Open,New South Wales,600000,John Morse,42.0
09 Dec,Johnnie Walker Australian Classic,Victoria,1000000,Greg Turner,40.0
16 Dec,Coolum Classic,Queensland,150000,Ian Baker-Finch,12.0

```
Which 'Tournament' has the second from the bottom value in the 'OWGR points' column ?

Return only the value, with no additional words, punctuation, or explanation.
If you are unsure, return the most likely value from your knowledge; do not guess or make something up."
https://en.wikipedia.org/wiki/1991%E2%80%9392_Southern_Africa_Tour,Purse (R),300000,"[""Bell's Cup"", 'Trustbank Tournament of Champions', 'EVS South African Masters']",-1,"Based on the following table: 
Tournaments held during the 1991–92 Southern Africa Tour season.
```
Date,Tournament,Location,Purse (R),Winner,OWGR points
15 Dec,Fancourt Hall of Fame,Cape,450000,De Wet Basson,8
21 Dec,Goodyear Classic,Cape,300000,Justin Hobday,8
11 Jan,Spoornet Classic,Cape,300000,Retief Goosen,12
19 Jan,Protea Assurance South African Open,Transvaal,450000,Ernie Els,20
25 Jan,Lexington PGA Championship,Transvaal,400000,Ernie Els,20
01 Feb,Bell's Cup,Cape,350000,David Feherty,18
08 Feb,Trustbank Tournament of Champions,Transvaal,350000,Bobby Lincoln,14
15 Feb,EVS South African Masters,Transvaal,350000,Ernie Els,14
22 Feb,ICL International,Transvaal,300000,Kevin Johnson,18
29 Feb,Hollard Royal Swazi Sun Classic,Swaziland,300000,Ernie Els,12

```
Which 'Tournament' has the second from the bottom value in the 'Purse (R)' column ?

Return only the value, with no additional words, punctuation, or explanation.
If you are unsure, return the most likely value from your knowledge; do not guess or make something up."
https://en.wikipedia.org/wiki/1991_Ben_Hogan_Tour,Purse (US$),100000,"['Ben Hogan Shreveport Open', 'Ben Hogan Gulf Coast Classic', 'Ben Hogan Lake City Classic', 'Ben Hogan South Carolina Classic', 'Ben Hogan Cleveland Open', 'Ben Hogan Hawkeye Open', 'Ben Hogan Wichita Charity Classic', 'Ben Hogan Dakota Dunes Open', 'Ben Hogan Tulsa Open', 'Ben Hogan Greater Ozarks Open', 'Ben Hogan Texarkana Open', 'Ben Hogan Boise Open', 'Ben Hogan El Paso Open', 'Ben Hogan Tri-Cities Open']",-1,"Based on the following table: 
Schedule and winners of tournaments on the 1991 Ben Hogan Tour.
```
Date,Tournament,Location,Purse (US$),Winner
Feb 03,Ben Hogan Bakersfield Open,California,100000,Olin Browne
Feb 10,Ben Hogan Yuma Open,Arizona,100000,P. H. Horgan III
Mar 03,Ben Hogan South Texas Open,Texas,100000,Roger Salazar
Mar 10,Ben Hogan Shreveport Open,Louisiana,125000,Jeff Coston
Mar 17,Ben Hogan Gulf Coast Classic,Mississippi,125000,Tom Lehman
Mar 24,Ben Hogan Panama City Beach Classic,Florida,100000,Bruce Zabriski
Mar 30,Ben Hogan Gateway Open,Florida,100000,Gary McCord
Apr 07,Ben Hogan Lake City Classic,Florida,125000,Don Reese
Apr 21,Ben Hogan Pensacola Open,Florida,100000,Stephen Ames
Apr 28,Ben Hogan Macon Open,Georgia,100000,P. H. Horgan III
May 05,Ben Hogan South Carolina Classic,South Carolina,125000,Tom Lehman
May 19,Ben Hogan Knoxville Open,Tennessee,100000,Frank Conner
May 26,Ben Hogan Elizabethtown Open,Kentucky,100000,Ricky Smallridge
Jun 02,Ben Hogan Quicksilver Open,Pennsylvania,200000,Lon Hinkle
Jun 09,Ben Hogan Cleveland Open,Ohio,125000,Jeff Gallagher
Jun 23,Ben Hogan Fort Wayne Open,Indiana,100000,Bob Friend
Jun 30,Ben Hogan New England Classic,Maine,100000,Steve Haskins
Jul 07,Ben Hogan Connecticut Open,Connecticut,100000,Mike Holland
Jul 21,Ben Hogan Hawkeye Open,Iowa,125000,Olin Browne
Jul 28,Ben Hogan Wichita Charity Classic,Kansas,125000,Eric Hoos
Aug 04,Ben Hogan Dakota Dunes Open,South Dakota,125000,Jeff Woodland
Aug 11,Ben Hogan Tulsa Open,Oklahoma,125000,Frank Conner
Aug 18,Ben Hogan Greater Ozarks Open,Missouri,125000,Rick Dalpos
Aug 25,Ben Hogan Texarkana Open,Arkansas,125000,Jerry Anderson
Sep 08,Ben Hogan Reno Open,Nevada,100000,John Flannery
Sep 15,Ben Hogan Boise Open,Idaho,125000,Russell Beiersdorf
Sep 22,Ben Hogan Utah Classic,Utah,100000,Ted Tryba
Sep 29,Ben Hogan El Paso Open,Texas,125000,Rick Todd
Oct 13,Ben Hogan Santa Rosa Open,California,100000,Tom Lehman
Oct 20,Ben Hogan Tri-Cities Open,Washington,125000,Kelly Gibson

```
Which 'Tournament' has the second from the bottom value in the 'Purse (US$)' column ?

Return only the value, with no additional words, punctuation, or explanation.
If you are unsure, return the most likely value from your knowledge; do not guess or make something up."
https://en.wikipedia.org/wiki/1991_NCAA_Division_I_women%27s_basketball_tournament,Bids,1,"['Connecticut', 'Illinois', 'Kentucky', 'Louisiana', 'North Carolina', 'South Carolina', 'Washington']",-1,"Based on the following table: 
Teams by state and number of bids in the 1991 NCAA Division I women's basketball tournament.
```
Bids,State,Teams
4,California,""Long Beach St., Stanford, Cal St. Fullerton, Southern California""
4,Texas,""Stephen F. Austin, Lamar, Texas, Texas Tech""
3,Tennessee,""Tennessee Tech, Tennessee, Vanderbilt""
3,Virginia,""Richmond, James Madison, Virginia""
2,Connecticut,""Connecticut, Fairfield""
2,Illinois,""DePaul, Northwestern""
2,Kentucky,""Western Ky., Kentucky""
2,Louisiana,""Louisiana Tech, LSU""
2,North Carolina,""Appalachian St., North Carolina St.""
2,South Carolina,""Clemson, South Carolina""
2,Washington,""Washington, Washington St.""
1,Alabama,Auburn
1,Arkansas,Arkansas
1,District of Columbia,George Washington
1,Florida,Florida St.
1,Georgia,Georgia
1,Indiana,Purdue
1,Iowa,Iowa
1,Maryland,Maryland
1,Massachusetts,Holy Cross
1,Michigan,Michigan St.
1,Mississippi,Ole Miss
1,Missouri,Missouri St.
1,Montana,Montana
1,Nevada,UNLV
1,New Jersey,Rutgers
1,Ohio,Toledo
1,Oklahoma,Oklahoma St.
1,Pennsylvania,Penn St.
1,Rhode Island,Providence
1,Utah,Utah

```
Which 'State' has the second from the bottom value in the 'Bids' column ?

Return only the value, with no additional words, punctuation, or explanation.
If you are unsure, return the most likely value from your knowledge; do not guess or make something up."
https://en.wikipedia.org/wiki/1991_PGA_Tour_of_Australasia,OWGR points,12.0,"['Mercedes-Benz Australian Match Play Championship', ""Tattersall's Tasmanian Open"", 'AMP New Zealand Open', 'Air New Zealand Shell Open', 'West End South Australian Open', 'Ford Australian PGA Championship']",-1,"Based on the following table: 
Tournaments, locations, prize purses, winners, and ranking points from the 1991 PGA Tour of Australasia season.
```
Date,Tournament,Location,Purse (A$),Winner,OWGR points
13 Jan,Daikyo Palm Meadows Cup,Queensland,1200000,Greg Turner,36.0
20 Jan,SxL Sanctuary Cove Classic,Queensland,700000,Rodger Davis,22.0
27 Jan,Vines Classic,Western Australia,700000,Blaine McCallister,24.0
10 Feb,Mercedes-Benz Australian Match Play Championship,Victoria,200000,Chris Patton,12.0
17 Feb,Pyramid Australian Masters,Victoria,500000,Peter Senior,32.0
24 Feb,Australian Tournament Players Championship,Victoria,,Cancelled,
24 Feb 17 Mar,Tattersall's Tasmanian Open,Tasmania,150000,Chris Gray,12.0
10 Mar,AMP New Zealand Open,New Zealand,""NZ$250,000"",Rodger Davis,12.0
06 Oct,Rothmans Malaysian Masters,Malaysia,325000,Stewart Ginn,8.0
13 Oct,Perak Masters,Malaysia,150000,Todd Power,8.0
20 Oct,Pioneer Singapore PGA Championship,Singapore,150000,Peter Teravainen,8.0
10 Nov,Air New Zealand Shell Open,New Zealand,""NZ$300,000"",John Morse,12.0
17 Nov,West End South Australian Open,South Australia,200000,Brett Ogle,12.0
24 Nov,Ford Australian PGA Championship,New South Wales,250000,Wayne Grady,12.0
01 Dec,Australian Open,Victoria,700000,Wayne Riley,36.0
08 Dec,Johnnie Walker Australian Classic,New South Wales,1000000,Peter Senior,34.0

```
Which 'Tournament' has the second from the bottom value in the 'OWGR points' column ?

Return only the value, with no additional words, punctuation, or explanation.
If you are unsure, return the most likely value from your knowledge; do not guess or make something up."
https://en.wikipedia.org/wiki/1992%E2%80%9393_Southern_Africa_Tour,Purse (R),450000,"[""Bell's Cup"", 'Mount Edgecombe Trophy', 'ICL International']",-1,"Based on the following table: 
Tournaments, locations, prize purses, winners, and OWGR points from the 1992–93 Southern Africa Tour.
```
Date,Tournament,Location,Purse (R),Winner,OWGR points
22 Nov,FNB Players Championship,Transvaal,500000,Ernie Els,26
20 Dec,Goodyear Classic,Cape,350000,Ernie Els,14
10 Jan,Bell's Cup,Cape,450000,Vijay Singh,26
17 Jan,Lexington PGA Championship,Transvaal,500000,Mark McNulty,26
24 Jan,Mount Edgecombe Trophy,Natal,450000,Retief Goosen,20
31 Jan,ICL International,Transvaal,450000,Nick Price,18
14 Feb,Philips South African Open,Transvaal,500000,Clinton Whitelaw,18
21 Feb,Hollard Royal Swazi Sun Classic,Swaziland,350000,Sean Pappas,14
28 Feb,EVS South African Masters,Transvaal,550000,Tony Johnstone,18

```
Which 'Tournament' has the second from the bottom value in the 'Purse (R)' column ?

Return only the value, with no additional words, punctuation, or explanation.
If you are unsure, return the most likely value from your knowledge; do not guess or make something up."
https://en.wikipedia.org/wiki/1992_NCAA_Division_I_women%27s_basketball_tournament,Bids,1,"['Indiana', 'Mississippi', 'New Jersey', 'Virginia']",-1,"Based on the following table: 
States, number of bids, and teams in the 1992 NCAA Division I women's basketball tournament.
```
Bids,State,Teams
7,California,""Santa Clara, Stanford, UC Santa Barbara, California, Long Beach State, USC, UCLA""
4,Tennessee,""Chattanooga, Tennessee, Tennessee Tech, Vanderbilt""
4,Texas,""Stephen F. Austin, Texas Tech, Houston, Texas""
3,Illinois,""Northern Illinois, DePaul, Southern Illinois""
2,Indiana,""Notre Dame, Purdue""
2,Mississippi,""Ole Miss, Southern Miss""
2,New Jersey,""St. Peter's, Rutgers""
2,Virginia,""Old Dominion, Virginia""
1,Alabama,Alabama
1,Arizona,Arizona State
1,Colorado,Colorado
1,Connecticut,Connecticut
1,District of Columbia,George Washington
1,Florida,Miami
1,Iowa,Iowa
1,Kansas,Kansas
1,Kentucky,Western Kentucky
1,Louisiana,Louisiana Tech
1,Maryland,Maryland
1,Missouri,SW Missouri State
1,Montana,Montana
1,Nebraska,Creighton
1,North Carolina,North Carolina
1,Ohio,Toledo
1,Pennsylvania,Penn State
1,Rhode Island,Providence
1,South Carolina,Clemson
1,Vermont,Vermont
1,West Virginia,West Virginia
1,Wisconsin,Wisconsin

```
Which 'State' has the second from the bottom value in the 'Bids' column ?

Return only the value, with no additional words, punctuation, or explanation.
If you are unsure, return the most likely value from your knowledge; do not guess or make something up."
https://en.wikipedia.org/wiki/1992_PGA_Tour_of_Australasia,OWGR points,12.0,"['Mercedes-Benz Australian Match Play Championship', 'CIG New South Wales Open', 'Perak Masters', 'Dunhill Malaysian Masters', 'Eagle Blue Open', 'Coolum Classic']",-1,"Based on the following table: 
Tournaments, locations, prize purses, winners, and ranking points from the 1992 PGA Tour of Australasia season.
```
Date,Tournament,Location,Purse (A$),Winner,OWGR points
12 Jan,SxL Sanctuary Cove Classic,Queensland,700000,Rodger Davis,28.0
19 Jan,Daikyo Palm Meadows Cup,Queensland,1400000,Ronan Rafferty,38.0
26 Jan,Vines Classic,Western Australia,800000,Ian Baker-Finch,24.0
02 Feb,Club Cape Schanck Cup,Victoria,,Cancelled,
09 Feb,Mercedes-Benz Australian Match Play Championship,Victoria,200000,Mike Clayton,16.0
23 Feb,Australian Tournament Players Championship,Victoria,,Removed,
23 Feb,AMP New Zealand Open,New Zealand,""NZ$250,000"",Grant Waite,18.0
01 Mar,CIG New South Wales Open,New South Wales,150000,Craig Parry,16.0
18 Oct,Perak Masters,Malaysia,200000,Robert Allenby,16.0
25 Oct,Dunhill Malaysian Masters,Malaysia,430000,Terry Price,16.0
01 Nov,Pioneer Singapore PGA Championship,Singapore,150000,Terry Gale,12.0
08 Nov,Air New Zealand Shell Open,New Zealand,""NZ$300,000"",Nick Price,18.0
15 Nov,Eagle Blue Open,South Australia,150000,Brett Ogle,16.0
22 Nov,Ford Australian PGA Championship,New South Wales,300000,Craig Parry,20.0
29 Nov,Australian Open,New South Wales,800000,Steve Elkington,36.0
06 Dec,Johnnie Walker Australian Classic,Victoria,700000,Robert Allenby,28.0
13 Dec,Coolum Classic,Queensland,200000,Rodger Davis,16.0

```
Which 'Tournament' has the second from the bottom value in the 'OWGR points' column ?

Return only the value, with no additional words, punctuation, or explanation.
If you are unsure, return the most likely value from your knowledge; do not guess or make something up."
https://en.wikipedia.org/wiki/1993%E2%80%9394_Southern_Africa_Tour,Purse (R),500000,['Hollard Royal Swazi Sun Classic'],-1,"Based on the following table: 
Tournaments, locations, prize purses, winners, and world ranking points from the 1993–94 Southern Africa Tour.
```
Date,Tournament,Location,Purse (R),Winner,OWGR points
21 Nov,FNB Players Championship,Transvaal,550000,Mark McNulty,16
28 Nov,Zimbabwe Open,Zimbabwe,300000,Tony Johnstone,22
12 Dec,Phillips South African Open,Natal,550000,Tony Johnstone,20
09 Jan,Bell's Cup,Cape,500000,Tony Johnstone,22
16 Jan,Lexington PGA Championship,Transvaal,550000,David Frost,30
23 Jan,ICL International,Transvaal,500000,Nick Price,26
30 Jan,Telkom South African Masters,Transvaal,500000,Chris Davison,14
06 Feb,Hollard Royal Swazi Sun Classic,Swaziland,400000,Omar Uresti,12
13 Feb,Autopage Mount Edgecombe Trophy,Natal,500000,Bruce Vaughan,16

```
Which 'Tournament' has the second from the bottom value in the 'Purse (R)' column ?

Return only the value, with no additional words, punctuation, or explanation.
If you are unsure, return the most likely value from your knowledge; do not guess or make something up."
https://en.wikipedia.org/wiki/1993_NCAA_Division_I_women%27s_basketball_tournament,Bids,1,"['Alabama', 'Florida', 'Kentucky', 'New Jersey', 'Virginia']",-1,"Based on the following table: 
States and teams receiving bids to the 1993 NCAA Division I women's basketball tournament.
```
Bids,State,Teams
6,California,""San Diego, Stanford, UC Santa Barb., California, San Diego St., Southern California""
3,Georgia,""Ga. Southern, Georgia, Georgia Tech""
3,Illinois,""Northern Ill., DePaul, Northwestern""
3,Ohio,""Bowling Green, Ohio St., Xavier""
3,Tennessee,""Tennessee Tech, Vanderbilt, Tennessee""
3,Texas,""Stephen F. Austin, Texas Tech, Texas""
2,Alabama,""Alabama, Auburn""
2,Florida,""Miami Fla, Florida""
2,Kentucky,""Louisville, Western Ky.""
2,New Jersey,""Rutgers, St. Peter's""
2,Virginia,""Old Dominion, Virginia""
1,Colorado,Colorado
1,Connecticut,Connecticut
1,District of Columbia,Georgetown
1,Iowa,Iowa
1,Kansas,Kansas
1,Louisiana,Louisiana Tech
1,Maryland,Maryland
1,Missouri,Missouri St.
1,Montana,Montana St.
1,Nebraska,Nebraska
1,North Carolina,North Carolina
1,Oklahoma,Oklahoma St.
1,Pennsylvania,Penn St.
1,South Carolina,Clemson
1,Utah,BYU
1,Vermont,Vermont
1,Washington,Washington

```
Which 'State' has the second from the bottom value in the 'Bids' column ?

Return only the value, with no additional words, punctuation, or explanation.
If you are unsure, return the most likely value from your knowledge; do not guess or make something up."
https://en.wikipedia.org/wiki/1994_Commonwealth_Games,Gold,0,"['Sri Lanka', 'Zambia', 'Namibia']",-1,"Based on the following table: 
Medal tally by nation at the 1994 Commonwealth Games.
```
Rank,Nation,Gold,Silver,Bronze,Total
1,Australia,89,53,44,186
2,Canada*,40,42,47,129
3,England,30,45,51,126
4,Nigeria,11,13,13,37
5,Kenya,7,4,8,19
6,India,6,11,7,24
7,Scotland,6,3,11,20
8,New Zealand,5,16,21,42
9,Wales,5,8,6,19
10,Northern Ireland,5,2,3,10
11,Nauru,3,0,0,3
12,South Africa,2,4,5,11
13,Jamaica,2,4,2,8
14,Malaysia,2,3,2,7
15,Cyprus,2,1,2,5
16,Sri Lanka,1,2,0,3
17,Zambia,1,1,2,4
18,Namibia,1,0,1,2
19,Zimbabwe,0,3,3,6
20,Papua New Guinea,0,1,0,1
20,Western Samoa,0,1,0,1
22,Hong Kong,0,0,4,4
23,Pakistan,0,0,3,3
24,Ghana,0,0,2,2
24,Trinidad and Tobago,0,0,2,2
24,Uganda,0,0,2,2
27,Bermuda,0,0,1,1
27,Botswana,0,0,1,1
27,Guernsey,0,0,1,1
27,Norfolk Island,0,0,1,1
27,Seychelles,0,0,1,1
27,Tanzania,0,0,1,1
27,Tonga,0,0,1,1

```
Which 'Nation' has the second from the bottom value in the 'Gold' column ?

Return only the value, with no additional words, punctuation, or explanation.
If you are unsure, return the most likely value from your knowledge; do not guess or make something up."
https://en.wikipedia.org/wiki/1994_Nike_Tour,Purse (US$),175000,"['Nike Inland Empire Open', 'Nike Monterrey Open', 'Nike Pensacola Classic', 'Nike Alabama Classic', 'Nike Knoxville Open', 'Nike Miami Valley Open', 'Nike Cleveland Open', 'Nike Dominion Open', 'Nike Carolina Classic', 'Nike Gateway Classic', 'Nike Dakota Dunes Open', 'Nike Ozarks Open', 'Nike Texarkana Open', 'Nike Boise Open']",-1,"Based on the following table: 
Winners and prize purses of 1994 Nike Tour golf tournaments by date and location.
```
Date,Tournament,Location,Purse (US$),Winner
Feb 06,Nike Inland Empire Open,California,200000,Skip Kendall
Mar 06,Nike Monterrey Open,Mexico,200000,Scott Gump
Mar 27,Nike Louisiana Open,Louisiana,175000,Bill Porter
Apr 03,Nike Pensacola Classic,Florida,200000,Bruce Vaughan
Apr 10,Nike Mississippi Gulf Coast Classic,Mississippi,175000,John Elliott
Apr 17,Nike Panama City Beach Classic,Florida,175000,Keith Fergus
Apr 24,Nike Shreveport Open,Louisiana,175000,Omar Uresti
May 01,Nike Alabama Classic,Alabama,200000,Tommy Tolles
May 08,Nike South Carolina Classic,South Carolina,175000,Charlie Rymer
May 15,Nike Central Georgia Open,Georgia,175000,Rick Pearson
May 22,Nike Knoxville Open,Tennessee,200000,Vic Wilk
May 29,Nike Greater Greenville Classic,South Carolina,175000,Scott Gump
Jun 05,Nike Miami Valley Open,Ohio,200000,Tommy Armour III
Jun 12,Nike Cleveland Open,Ohio,200000,Tommy Armour III
Jun 19,Nike Dominion Open,Virginia,200000,Sonny Skinner
Jun 26,Nike Carolina Classic,North Carolina,200000,Skip Kendall
Jul 24,Nike Gateway Classic,Missouri,200000,Brad Fabel
Aug 01,Nike Wichita Open,Kansas,175000,Dennis Postlewait
Aug 07,Nike Dakota Dunes Open,South Dakota,200000,Pat Bates
Aug 14,Nike Ozarks Open,Missouri,200000,Jerry Haas
Aug 21,Nike Texarkana Open,Arkansas,200000,Mike Brisky
Aug 28,Nike Permian Basin Open,Texas,175000,Bruce Vaughan
Sep 04,Nike New Mexico Charity Classic,New Mexico,175000,Jim Carter
Sep 11,Nike Utah Classic,Utah,175000,Chris Perry
Sep 18,Nike Boise Open,Idaho,200000,Keith Fergus
Sep 25,Nike Tri-Cities Open,Washington,175000,Jerry Haas
Oct 02,Nike Sonoma County Open,California,175000,Jerry Haas
Oct 16,Nike Tour Championship,Oregon,225000,Mike Schuchart

```
Which 'Tournament' has the second from the bottom value in the 'Purse (US$)' column ?

Return only the value, with no additional words, punctuation, or explanation.
If you are unsure, return the most likely value from your knowledge; do not guess or make something up."
https://en.wikipedia.org/wiki/1995_Asian_PGA_Tour,Purse (US$),85000,"['Canlubang Classic', 'Tournament Players Championship', 'Langkawi Open', 'Royal Perak Classic', 'Gadgil Western Vietnam Open', 'Myanmar Open']",-1,"Based on the following table: 
Schedule and results of tournaments in the 1995 Asian PGA Tour.
```
Date,Tournament,Host country,Purse (US$),Winner
25 Jun,Asian PGA International,Thailand,200000,Park Nam-sin
02 Jul,Canlubang Classic,Philippines,150000,Carlos Espinosa
30 Jul,Tournament Players Championship,Malaysia,150000,Lin Keng-chi
13 Aug,Volvo Masters of Thailand,Thailand,85000,Zhang Lianwei
27 Aug,Yokohama Singapore PGA Championship,Singapore,200000,Lin Keng-chi
03 Sep,Passport Open,South Korea,300000,Vijay Singh
01 Oct,Langkawi Open,Malaysia,150000,Boonchu Ruangkit
08 Oct,Gadgil Western Dubai Creek Open,UAE,500000,Robert Willis
15 Oct,Merlion Masters,Singapore,200000,Nico van Rensburg
22 Oct,Samsung Masters,South Korea,500000,Lin Keng-chi
29 Oct,Royal Perak Classic,Malaysia,150000,Gerry Norquist
20 Nov,Kenmore Pakistan Masters,Pakistan,225000,Kwon Young-suk
27 Nov,Gadgil Western Masters,India,500000,Gaurav Ghei
10 Dec,Gadgil Western Vietnam Open,Vietnam,150000,Clay Devers
17 Dec,Philippine Classic,Philippines,200000,Jeev Milkha Singh
07 Jan,Myanmar Open,Myanmar,150000,Boonchu Ruangkit
14 Jan,Omega PGA Championship,Hong Kong,500000,Yeh Chang-ting
21 Jan,Asian Matchplay Championship,Philippines,200000,Jeev Milkha Singh

```
Which 'Tournament' has the second from the bottom value in the 'Purse (US$)' column ?

Return only the value, with no additional words, punctuation, or explanation.
If you are unsure, return the most likely value from your knowledge; do not guess or make something up."
https://en.wikipedia.org/wiki/1995_Canadian_Tour,Purse (C$),100000,"['BC TEL Pacific Open', 'Infiniti Championship', 'CPGA Championship', 'Montclair Kings County Classic']",-1,"Based on the following table: 
Winners and prize purses of tournaments during the 1995 Canadian Tour.
```
Date,Tournament,Location,Purse (C$),Winner
Jun 04,Payless Open,British Columbia,100000,Norm Jarvis
Jun 11,BC TEL Pacific Open,British Columbia,125000,Nicky Goetze
Jun 18,Morningstar Classic,British Columbia,100000,Jeff Bloom
Jun 25,Henry Singer Alberta Open,Alberta,100000,Ian Hutchings
Jul 02,Klondike Klassic,Alberta,100000,Ray Freeman
Jul 09,Xerox Manitoba Open,Manitoba,100000,Trevor Dodds
Jul 23,Infiniti Championship,Ontario,125000,Guy Hill
Aug 06,Canadian Masters,Ontario,200000,Scott Dunlap
Aug 13,""Export """"A"""" Inc. Ontario Open"",Ontario,100000,Ray Freeman
Aug 20,CPGA Championship,Ontario,125000,Trevor Dodds
Aug 27,Montclair Kings County Classic,Prince Edward Island,125000,Jim Rutledge

```
Which 'Tournament' has the second from the bottom value in the 'Purse (C$)' column ?

Return only the value, with no additional words, punctuation, or explanation.
If you are unsure, return the most likely value from your knowledge; do not guess or make something up."
https://en.wikipedia.org/wiki/1995_NCAA_Division_I_women%27s_basketball_tournament,Bids,2,"['Indiana', 'Kentucky', 'Louisiana', 'Maryland', 'Ohio', 'Oklahoma', 'Pennsylvania', 'Wisconsin']",-1,"Based on the following table: 
States and their teams receiving bids to the 1995 NCAA Division I women's basketball tournament.
```
Bids,State,Teams
5,California,""San Francisco, Stanford, UC Irvine, San Diego St., Southern California""
4,Tennessee,""Tennessee St., Vanderbilt, Memphis, Tennessee""
4,Virginia,""Old Dominion, Radford, Virginia, Virginia Tech""
3,Florida,""FIU, Florida A&M, Florida""
3,Mississippi,""Jackson St., Southern Miss., Ole Miss""
3,Oregon,""Oregon, Oregon St., Portland""
3,Texas,""Stephen F. Austin, Texas Tech, SMU""
3,Illinois,""Northern Illinois, Western Illinois, DePaul""
3,North Carolina,""North Carolina, Duke, North Carolina St.""
2,Indiana,""Indiana, Purdue""
2,Kentucky,""Western Ky., Louisville""
2,Louisiana,""Louisiana Tech, Tulane""
2,Maryland,""Loyola Md, Mt. St. Mary's""
2,Ohio,""Toledo, Ohio""
2,Oklahoma,""Oklahoma, Oklahoma St.""
2,Pennsylvania,""Penn St., St. Joseph's""
2,Wisconsin,""Marquette, Wisconsin""
1,Alabama,Alabama
1,Arkansas,Arkansas
1,Colorado,Colorado
1,Connecticut,Connecticut
1,District of Columbia,George Washington
1,Georgia,Georgia
1,Iowa,Drake
1,Kansas,Kansas
1,Maine,Maine
1,Massachusetts,Holy Cross
1,Missouri,Missouri St.
1,Montana,Montana
1,New Hampshire,Dartmouth
1,New Jersey,Seton Hall
1,South Carolina,Furman
1,Utah,Utah
1,Washington,Washington

```
Which 'State' has the second from the bottom value in the 'Bids' column ?

Return only the value, with no additional words, punctuation, or explanation.
If you are unsure, return the most likely value from your knowledge; do not guess or make something up."
https://en.wikipedia.org/wiki/1995_Nike_Tour,Purse (US$),200000,['Nike Monterrey Open'],-1,"Based on the following table: 
Schedule and winners of tournaments in the 1995 Nike Tour season.
```
Date,Tournament,Location,Purse (US$),Winner
Feb 26,Nike San Jose Open,California,200000,John Maginnes
Mar 05,Nike Inland Empire Open,California,200000,Jeff Brehaut
Mar 19,Nike Monterrey Open,Mexico,225000,Stuart Appleby
Mar 26,Nike Louisiana Open,Louisiana,200000,Stan Utley
Apr 02,Nike Pensacola Classic,Florida,200000,Clarence Rose
Apr 09,Nike Mississippi Gulf Coast Classic,Mississippi,200000,Allen Doyle
Apr 17,Nike Tallahassee Open,Florida,200000,Bill Murchison
Apr 23,Nike Shreveport Open,Louisiana,200000,Brad Fabel
Apr 30,Nike Alabama Classic,Alabama,200000,Jerry Kelly
May 07,Nike South Carolina Classic,South Carolina,200000,Jerry Foltz
May 14,Nike Central Georgia Open,Georgia,200000,Matt Peterson
May 21,Nike Knoxville Open,Tennessee,200000,Tom Scherrer
May 28,Nike Greater Greenville Classic,South Carolina,200000,David Toms
Jun 04,Nike Dominion Open,Virginia,200000,Hugh Royer III
Jun 11,Nike Miami Valley Open,Ohio,200000,Stan Utley
Jun 18,Nike Cleveland Open,Ohio,200000,Karl Zoller
Jun 25,Nike Carolina Classic,North Carolina,200000,Michael Christie
Jul 02,Nike Philadelphia Classic,North Carolina,200000,Sean Murphy
Jul 16,Nike Buffalo Open,New York,200000,Jerry Kelly
Jul 23,Nike Gateway Classic,Missouri,200000,Chris Smith
Jul 30,Nike Wichita Open,Kansas,200000,David Toms
Aug 06,Nike Dakota Dunes Open,South Dakota,200000,Chris Smith
Aug 13,Nike Ozarks Open,Missouri,200000,Mike Schuchart
Aug 20,Nike Permian Basin Open,Texas,200000,Hugh Royer III
Aug 27,Nike Texarkana Open,Arkansas,200000,Allen Doyle
Sep 10,Nike Utah Classic,Utah,200000,Glen Hnatiuk
Sep 17,Nike Tri-Cities Open,Washington,200000,Jeff Gove
Sep 24,Nike Boise Open,Idaho,250000,Frank Lickliter
Oct 01,Nike Sonoma County Open,California,200000,Stuart Appleby
Oct 22,Nike Tour Championship,Georgia,250000,Allen Doyle

```
Which 'Tournament' has the second from the bottom value in the 'Purse (US$)' column ?

Return only the value, with no additional words, punctuation, or explanation.
If you are unsure, return the most likely value from your knowledge; do not guess or make something up."
https://en.wikipedia.org/wiki/1996_Cricket_World_Cup_statistics,Runs,275,['Aamer Sohail'],-1,"Based on the following table: 
Top run-scorers in the 1996 Cricket World Cup and their batting statistics.
```
Players,Team,Runs,Matches,Inns,Avg,S/R,HS,100s,50s,4s,6s
Sachin Tendulkar,India,523,7,7,87.16,85.87,137,2,3,57,7
Mark Waugh,Australia,484,7,7,80.66,85.96,130,3,1,40,6
Aravinda de Silva,Sri Lanka,448,6,6,89.6,107.69,145,2,2,57,7
Gary Kirsten,South Africa,391,6,6,78.2,90.09,188*,1,1,33,4
Saeed Anwar,Pakistan,329,6,6,82.25,95.91,83*,0,3,29,5
Asanka Gurusinha,Sri Lanka,307,6,6,51.16,75.24,87,0,3,25,11
Hansie Cronje,South Africa,276,6,6,55.2,87.34,78,0,2,20,6
Andrew Hudson,South Africa,275,4,4,68.75,101.47,161,1,1,32,4
Aamer Sohail,Pakistan,272,6,6,45.33,81.92,111,1,2,35,1
Brian Lara,West Indies,269,6,6,53.8,105.07,111,1,1,33,2

```
Which 'Players' has the second from the bottom value in the 'Runs' column ?

Return only the value, with no additional words, punctuation, or explanation.
If you are unsure, return the most likely value from your knowledge; do not guess or make something up."
https://en.wikipedia.org/wiki/1996_NCAA_Division_I_women%27s_basketball_tournament,Bids,1,"['Alabama', 'California', 'Colorado', 'District of Columbia', 'Florida', 'Mississippi', 'Pennsylvania']",-1,"Based on the following table: 
States and their teams receiving bids to the 1996 NCAA Division I women's basketball tournament.
```
Bids,State,Teams
5,Tennessee,""Austin Peay, Memphis, Tennessee, Middle Tenn., Vanderbilt""
5,Texas,""Stephen F. Austin, Texas A&M, SMU, Texas, Texas Tech""
4,Ohio,""Toledo, Youngstown St., Kent St., Ohio St.""
4,Virginia,""Old Dominion, Radford, James Madison, Virginia""
3,Indiana,""Butler, Notre Dame, Purdue""
3,Louisiana,""Grambling State, Louisiana Tech, Tulane""
3,Massachusetts,""Harvard, Holy Cross, Massachusetts""
3,North Carolina,""Appalachian St., Duke, North Carolina St.""
3,Oregon,""Oregon, Oregon St., Portland""
2,Alabama,""Alabama, Auburn""
2,California,""San Francisco, Stanford""
2,Colorado,""Colorado, Colorado St.""
2,District of Columbia,""George Washington, Howard""
2,Florida,""UCF, Florida""
2,Mississippi,""Ole Miss, Southern Miss.""
1,New York,Manhattan
1,Connecticut,Connecticut
1,Georgia,Georgia
1,Hawaii,Hawaii
1,Illinois,DePaul
1,Iowa,Iowa
1,Kansas,Kansas
1,Maine,Maine
1,Michigan,Michigan St.
1,Missouri,Missouri St.
1,Montana,Montana
1,Nebraska,Nebraska
1,Oklahoma,Oklahoma St.
2,Pennsylvania,""Penn St., St Francis""
1,Rhode Island,Rhode Island
1,South Carolina,Clemson
1,Utah,Utah
1,Wisconsin,Wisconsin

```
Which 'State' has the second from the bottom value in the 'Bids' column ?

Return only the value, with no additional words, punctuation, or explanation.
If you are unsure, return the most likely value from your knowledge; do not guess or make something up."
https://en.wikipedia.org/wiki/1996_Nike_Tour,Purse (US$),200000,['Nike Monterrey Open'],-1,"Based on the following table: 
Winners and details of tournaments in the 1996 Nike Tour season.
```
Date,Tournament,Location,Purse (US$),Winner
Feb 25,Nike San Jose Open,California,200000,Larry Silveira
Mar 03,Nike Inland Empire Open,California,200000,Jim Estes
Mar 17,Nike Monterrey Open,Mexico,225000,David Berganio Jr.
Mar 31,Nike Louisiana Open,Louisiana,250000,Paul Stankowski
Apr 07,Nike Tallahassee Open,Florida,200000,P. J. Cowan
Apr 14,Nike South Carolina Classic,South Carolina,200000,Dave Rummells
Apr 21,Nike Alabama Classic,Alabama,200000,P. H. Horgan III
Apr 28,Nike Shreveport Open,Louisiana,200000,Tim Loustalot
May 12,Nike Mississippi Gulf Coast Classic,Mississippi,200000,Joe Durant
May 19,Nike Carolina Classic,North Carolina,200000,Glen Hnatiuk
May 26,Nike Greater Greenville Classic,South Carolina,200000,Michael Christie
Jun 02,Nike Dominion Open,Virginia,200000,Olin Browne
Jun 09,Nike Cleveland Open,Ohio,200000,Greg Twiggs
Jun 16,Nike Knoxville Open,Tennessee,200000,Eric Johnson
Jun 23,Nike Ozarks Open,Missouri,200000,Stewart Cink
Jun 30,Nike Dakota Dunes Open,South Dakota,250000,Gary Webb
Jul 14,Nike Buffalo Open,New York,200000,Jimmy Green
Jul 21,Nike Philadelphia Classic,North Carolina,200000,Brett Quigley
Jul 28,Nike Miami Valley Open,Ohio,200000,J. P. Hayes
Aug 04,Nike Gateway Classic,Missouri,200000,Tim Conley
Aug 11,Nike Omaha Classic,Nebraska,200000,Rocky Walcher
Aug 18,Nike Wichita Open,Kansas,200000,Rick Cramer
Aug 25,Nike Permian Basin Open,Texas,200000,Michael Christie
Sep 08,Nike Colorado Classic,Colorado,200000,Stewart Cink
Sep 14,Nike Utah Classic,Utah,200000,Michael Christie
Sep 22,Nike Boise Open,Idaho,250000,Matt Gogel
Sep 29,Nike Tri-Cities Open,Washington,200000,Phil Tataurangi
Oct 06,Nike Olympia Open,Washington,200000,Michael Clark II
Oct 20,Nike Tour Championship,Georgia,250000,Stewart Cink

```
Which 'Tournament' has the second from the bottom value in the 'Purse (US$)' column ?

Return only the value, with no additional words, punctuation, or explanation.
If you are unsure, return the most likely value from your knowledge; do not guess or make something up."
https://en.wikipedia.org/wiki/1997_NCAA_Division_I_women%27s_basketball_tournament,Bids,2,"['District of Columbia', 'Florida', 'Indiana', 'Kansas', 'Michigan', 'Oregon']",-1,"Based on the following table: 
Number of teams per state receiving bids to the 1997 NCAA Division I women's basketball tournament.
```
Bids,State,Teams
5,California,""San Diego St., San Francisco, Stanford, UC Santa Barb., Southern California""
4,Louisiana,""Grambling, Louisiana Tech, Tulane, LSU""
4,Texas,""Texas St., Stephen F. Austin, Texas, Texas Tech""
3,Alabama,""Auburn, Troy, Alabama""
3,Illinois,""DePaul, Illinois, Northwestern""
3,Iowa,""Drake, Iowa, Iowa St.""
3,Kentucky,""Eastern Kentucky, Louisville, Western Kentuck.""
3,North Carolina,""North Carolina, Duke, North Carolina St.""
3,Tennessee,""Memphis, Tennessee, Vanderbilt""
3,Virginia,""Liberty, Old Dominion, Virginia""
2,District of Columbia,""Howard, George Washington""
2,Florida,""FIU, Florida""
2,Indiana,""Notre Dame, Purdue""
2,Kansas,""Kansas, Kansas St.""
2,Michigan,""Detroit, Michigan St.""
2,Oregon,""Oregon, Portland""
3,Pennsylvania,""Lehigh, St. Joseph's, St Francis""
1,Arizona,Arizona
1,Colorado,Colorado
1,Connecticut,Connecticut
1,Georgia,Georgia
1,Maine,Maine
1,Maryland,Maryland
1,Massachusetts,Harvard
1,Montana,Montana
1,New Jersey,St. Peter's
1,Ohio,Toledo
1,South Carolina,Clemson
1,Utah,Utah
1,Washington,Washington
1,West Virginia,Marshall
1,Wisconsin,Marquette

```
Which 'State' has the second from the bottom value in the 'Bids' column ?

Return only the value, with no additional words, punctuation, or explanation.
If you are unsure, return the most likely value from your knowledge; do not guess or make something up."
https://en.wikipedia.org/wiki/1997_Nike_Tour,Purse (US$),225000,"['Nike Monterrey Open', 'Nike Dominion Open']",-1,"Based on the following table: 
Schedule and winners of tournaments in the 1997 Nike Tour season.
```
Date,Tournament,Location,Purse (US$),Winner
Feb 02,Nike Lakeland Classic,Florida,200000,Ryan Howison
Feb 23,Nike Inland Empire Open,California,200000,Mark Carnevale
Mar 16,Nike Monterrey Open,Mexico,225000,Mike Small
Mar 30,Nike Louisiana Open,Louisiana,300000,Joe Daley
Apr 06,Nike Greater Austin Open,Texas,200000,Eric Booker
Apr 20,Nike Mississippi Gulf Coast Classic,Mississippi,200000,Jeff Brehaut
Apr 27,Nike Alabama Classic,Alabama,200000,John Elliott
May 04,Nike South Carolina Classic,South Carolina,200000,Harrison Frazar
May 11,Nike Carolina Classic,North Carolina,200000,Ahmad Bateman
May 18,Nike Dominion Open,Virginia,225000,Jeff Julian
Jun 01,Nike Upstate Classic,South Carolina,200000,Chris Smith
Jun 08,Nike Knoxville Open,Tennessee,200000,Dave Rummells
Jun 15,Nike Miami Valley Open,Ohio,200000,Trevor Dodds
Jun 22,Nike Cleveland Open,Ohio,200000,Mike Small
Jul 06,Nike Hershey Open,Pennsylvania,200000,Barry Cheesman
Jul 13,Nike Laurel Creek Classic,New Jersey,200000,Matt Gogel
Jul 20,Nike St. Louis Golf Classic,Missouri,200000,Todd Gleaton
Jul 27,Nike Wichita Open,Kansas,200000,Ben Bates
Aug 03,Nike Dakota Dunes Open,South Dakota,200000,Chris Smith
Aug 10,Nike Omaha Classic,Nebraska,200000,Chris Smith
Aug 17,Nike Ozarks Open,Missouri,200000,Chris DiMarco
Aug 24,Nike Permian Basin Open,Texas,200000,Paul Gow
Sep 07,Nike Colorado Classic,Colorado,200000,Pat Bates
Sep 14,Nike San Jose Open,California,200000,R. W. Eaks
Sep 21,Nike Boise Open,Idaho,275000,Iain Steel
Sep 28,Nike Tri-Cities Open,Washington,200000,Todd Gleaton
Oct 05,Nike Puget Sound Open,Washington,200000,Kevin Johnson
Oct 12,Nike Shreveport Open,Louisiana,200000,Mark Wurtz
Oct 19,Nike Tour Championship,Alabama,300000,Steve Flesch

```
Which 'Tournament' has the second from the bottom value in the 'Purse (US$)' column ?

Return only the value, with no additional words, punctuation, or explanation.
If you are unsure, return the most likely value from your knowledge; do not guess or make something up."
https://en.wikipedia.org/wiki/1997_PGA_Tour,Prize money ($),1243008,['Ernie Els'],-1,"Based on the following table: 
Top 10 money leaders of the 1997 PGA Tour
```
Position,Player,Prize money ($)
1,Tiger Woods,2066833
2,David Duval,1885308
3,Davis Love III,1635953
4,Jim Furyk,1619480
5,Justin Leonard,1587531
6,Scott Hoch,1393788
7,Greg Norman,1345856
8,Steve Elkington,1320411
9,Ernie Els,1243008
10,Brad Faxon,1233505

```
Which 'Player' has the second from the bottom value in the 'Prize money ($)' column ?

Return only the value, with no additional words, punctuation, or explanation.
If you are unsure, return the most likely value from your knowledge; do not guess or make something up."
https://en.wikipedia.org/wiki/1998_NCAA_Division_I_women%27s_basketball_tournament,Bids,Washington,"['Connecticut', 'District of Columbia', 'Indiana', 'Kentucky', 'Ohio']",0,"Based on the following table: 
States and teams receiving bids to the 1998 NCAA Division I women's basketball tournament.
```
Bids,State,Teams
4,California,""Santa Clara, Stanford, UC Santa Barb., UCLA""
4,North Carolina,""North Carolina, UNC Greensboro, Duke, North Carolina St.""
4,Tennessee,""Memphis, Middle Tenn., Tennessee, Vanderbilt""
4,Virginia,""Liberty, Old Dominion, Virginia Tech, Virginia""
3,Florida,""FIU, Florida, Miami""
3,Iowa,""Drake, Iowa, Iowa St.""
3,Louisiana,""Grambling, Louisiana Tech, Tulane""
3,Massachusetts,""Harvard, Holy Cross, Massachusetts""
3,Texas,""Stephen F. Austin, Texas Tech, SMU""
3,Wisconsin,""Green Bay, Marquette, Wisconsin""
2,Connecticut,""Connecticut, Fairfield""
2,District of Columbia,""Howard, George Washington""
2,Indiana,""Purdue, Notre Dame""
2,Kentucky,""Louisville, Western Ky.""
2,Ohio,""Kent St., Youngstown St.""
1,Alabama,Alabama
1,Arizona,Arizona
1,Arkansas,Arkansas
1,Colorado,Colorado St.
1,Georgia,Georgia
1,Hawaii,Hawaii
1,Illinois,Illinois
1,Kansas,Kansas
1,Maine,Maine
1,Michigan,Michigan
1,Missouri,Missouri St.
1,Montana,Montana
1,Nebraska,Nebraska
1,New Jersey,Rutgers
1,New Mexico,New Mexico
1,Pennsylvania,St. Francis
1,Oregon,Oregon
1,South Carolina,Clemson
1,Utah,Utah
1,Washington,Washington

```
Which 'State' has the second from the bottom value in the 'Bids' column ?

Return only the value, with no additional words, punctuation, or explanation.
If you are unsure, return the most likely value from your knowledge; do not guess or make something up."
https://en.wikipedia.org/wiki/1998_Nike_Tour,Purse (US$),225000,"['Nike Monterrey Open', 'Nike Omaha Classic']",-1,"Based on the following table: 
Schedule and winners of tournaments in the 1998 Nike Tour.
```
Date,Tournament,Location,Purse (US$),Winner
Jan 11,Nike Lakeland Classic,Florida,225000,Casey Martin
Jan 18,Nike South Florida Open,Florida,225000,Eric Johnson
Feb 08,Nike Greater Austin Open,Texas,225000,Michael Allen
Mar 22,Nike Monterrey Open,Mexico,250000,Joe Ogilvie
Mar 29,Nike Louisiana Open,Louisiana,300000,John Wilson
Apr 12,Nike Shreveport Open,Louisiana,225000,Vance Veazey
Apr 19,Nike Upstate Classic,South Carolina,225000,Tom Scherrer
Apr 26,Nike Huntsville Open,Alabama,225000,Dennis Paulson
May 03,Nike South Carolina Classic,South Carolina,225000,Gene Sauers
May 10,Nike Carolina Classic,North Carolina,225000,Brian Bateman
May 17,Nike Dominion Open,Virginia,225000,Bob Burns
May 31,Nike Knoxville Open,Tennessee,225000,Robin Freeman
Jun 07,Nike Miami Valley Open,Ohio,225000,Craig Bowden
Jun 14,Nike Cleveland Open,Ohio,225000,Doug Dunakey
Jun 21,Nike Lehigh Valley Open,Pennsylvania,225000,Eric Booker
Jun 28,Nike Greensboro Open,North Carolina,225000,Joe Ogilvie
Jul 05,Nike Hershey Open,Pennsylvania,225000,Michael Clark II
Jul 19,Nike St. Louis Golf Classic,Missouri,225000,Chris Starkjohann
Jul 26,Nike Wichita Open,Kansas,225000,Emlyn Aubrey
Aug 02,Nike Dakota Dunes Open,South Dakota,325000,John Maginnes
Aug 09,Nike Omaha Classic,Nebraska,250000,Matt Gogel
Aug 16,Nike Ozarks Open,Missouri,225000,Anthony Painter
Aug 23,Nike Fort Smith Classic,Arkansas,225000,Mark Hensby
Aug 30,Nike Permian Basin Open,Texas,225000,Stiles Mitchell
Sep 13,Nike Tri-Cities Open,Washington,225000,Matt Gogel
Sep 20,Nike Boise Open,Idaho,300000,Mike Sposa
Sep 27,Nike Oregon Classic,Oregon,225000,Charles Raulerson
Oct 04,Nike San Jose Open,California,225000,Robin Freeman
Oct 11,Nike Inland Empire Open,California,225000,Charles Raulerson
Oct 25,Nike Tour Championship,Alabama,300000,Bob Burns

```
Which 'Tournament' has the second from the bottom value in the 'Purse (US$)' column ?

Return only the value, with no additional words, punctuation, or explanation.
If you are unsure, return the most likely value from your knowledge; do not guess or make something up."
https://en.wikipedia.org/wiki/1999_Canadian_Tour,Purse (C$),125000,"['MTS Classic', 'Ontario Open Heritage Classic', 'Samsung Canadian PGA Championship', 'Eagle Creek Classic', ""McDonald's PEI Challenge""]",-1,"Based on the following table: 
Tournaments, locations, prize purses, and winners from the 1999 Canadian Tour golf season.
```
Date,Tournament,Location,Purse (C$),Winner
May 23,Crown Isle Open,British Columbia,150000,Ken Staton
May 30,Shell Payless Open,British Columbia,150000,Ken Duke
Jun 06,BC TEL Pacific Open,British Columbia,150000,Ken Staton
Jun 13,Henry Singer Alberta Open,Alberta,150000,Brian Kontak
Jun 27,Telus Calgary Open,Alberta,150000,Jaime Gomez
Jul 04,Telus Edmonton Open,Alberta,150000,Ray Stewart
Jul 11,MTS Classic,Manitoba,125000,Neale Smith
Jul 18,Ontario Open Heritage Classic,Ontario,125000,Arron Oberholser
Jul 25,Canadian Masters,Ontario,200000,Ray Stewart
Aug 01,Samsung Canadian PGA Championship,Ontario,125000,Scott Petersen
Aug 08,Eagle Creek Classic,Ontario,125000,Arron Oberholser
Aug 15,AmEx-SAQ Championship,Quebec,100000,Ken Staton
Aug 29,McDonald's PEI Challenge,Prince Edward Island,125000,David Morland IV
Sep 19,Bayer Championship,Ontario,200000,Ken Duke

```
Which 'Tournament' has the second from the bottom value in the 'Purse (C$)' column ?

Return only the value, with no additional words, punctuation, or explanation.
If you are unsure, return the most likely value from your knowledge; do not guess or make something up."
https://en.wikipedia.org/wiki/1999_Nike_Tour,Purse (US$),225000,"['Nike Mississippi Gulf Coast Open', 'Nike Dominion Open', 'Nike Dayton Open', 'Nike Ozarks Open', 'Nike Fort Smith Classic']",-1,"Based on the following table: 
Schedule and winners of tournaments in the 1999 Nike Tour season.
```
Date,Tournament,Location,Purse (US$),Winner
Jan 10,Nike South Florida Classic,Florida,225000,Curt Byrum
Jan 17,Nike Lakeland Classic,Florida,225000,Ryan Howison
Feb 07,Nike Florida Classic,Florida,225000,Richard Johnson
Feb 21,Nike Mississippi Gulf Coast Open,Mississippi,250000,Joel Edwards
Mar 21,Nike Monterrey Open,Mexico,275000,Steve Gotsche
Mar 28,Nike Louisiana Open,Louisiana,300000,Matt Gogel
Apr 18,Nike Shreveport Open,Louisiana,225000,Bob Heintz
Apr 25,Nike South Carolina Classic,South Carolina,225000,Kevin Johnson
May 02,Nike Upstate Classic,South Carolina,225000,Steve Gotsche
May 09,Nike Carolina Classic,North Carolina,225000,Vance Veazey
May 16,Nike Dominion Open,Virginia,250000,Darron Stiles
May 23,Nike Knoxville Open,Tennessee,225000,Jeff Gove
Jun 13,Nike Cleveland Open,Ohio,225000,Matt Gogel
Jun 20,Nike Dayton Open,Ohio,250000,John Wilson
Jun 27,Nike Lehigh Valley Open,Pennsylvania,225000,Mathew Goggin
Jul 04,Nike Hershey Open,Pennsylvania,225000,Ed Fryatt
Jul 11,Nike Greensboro Open,North Carolina,225000,Shaun Micheel
Jul 25,Nike Wichita Open,Kansas,225000,Brad Elder
Aug 01,Nike Dakota Dunes Open,South Dakota,350000,Fran Quinn
Aug 08,Nike Omaha Classic,Nebraska,300000,Mathew Goggin
Aug 15,Nike Ozarks Open,Missouri,250000,Ryan Howison
Aug 22,Nike Fort Smith Classic,Arkansas,250000,Gary Webb
Aug 29,Nike Permian Basin Open,Texas,225000,David Berganio Jr.
Sep 05,Nike Utah Classic,Utah,375000,Carl Paulson
Sep 12,Nike Tri-Cities Open,Washington,225000,Glen Hnatiuk
Sep 19,Nike Boise Open,Idaho,325000,Carl Paulson
Sep 26,Nike Oregon Classic,Oregon,225000,Kelly Gibson
Oct 03,Nike Inland Empire Open,California,225000,Brad Elder
Oct 10,Nike New Mexico Classic,New Mexico,225000,Dick Mast
Oct 24,Nike Tour Championship,Alabama,400000,Bob Heintz

```
Which 'Tournament' has the second from the bottom value in the 'Purse (US$)' column ?

Return only the value, with no additional words, punctuation, or explanation.
If you are unsure, return the most likely value from your knowledge; do not guess or make something up."
https://en.wikipedia.org/wiki/2000_Canadian_Tour,OWGR points,6,[],-1,"Based on the following table: 
Winners and details of tournaments on the 2000 Canadian Tour.
```
Date,Tournament,Location,Purse (C$),Winner,OWGR points
May 28,Telus Vancouver Open,British Columbia,150000,Rob McMillan,6
Jun 04,Shell Payless Open,British Columbia,150000,Jason Bohn,6
Jun 18,Telus Edmonton Open,Alberta,150000,Paul Devenport,6
Jun 25,Telus Calgary Open,Alberta,150000,Brian Kontak,6
Jul 02,MTS Classic,Manitoba,125000,Ben Ferguson,6
Jul 09,Ontario Open Heritage Classic,Ontario,125000,Zhang Lianwei,6
Jul 16,Eagle Creek Classic,Ontario,125000,Brian Unk,6
Jul 23,QuebecTel Open,Quebec,125000,Philip Jonas,6
Jul 30,Samsung Canadian PGA Championship,Ontario,150000,Chad Wright,6
Aug 06,Benefit Partners/NRCS Classic,Ontario,125000,Nathan Green,6
Aug 27,McDonald's PEI Challenge,Prince Edward Island,125000,Steven Alker,6
Sep 17,Bayer Championship,Ontario,200000,Steven Alker,6
Jan 21,Panasonic Panama Open,Panama,""US$200,000"",Steve Runge,6

```
Which 'Tournament' has the second from the bottom value in the 'OWGR points' column ?

Return only the value, with no additional words, punctuation, or explanation.
If you are unsure, return the most likely value from your knowledge; do not guess or make something up."
https://en.wikipedia.org/wiki/2001_PGA_Tour,Purse ($),1000000.0,"['PGA Grand Slam of Golf', 'Skins Game']",-1,"Based on the following table: 
Unofficial events of the 2001 PGA Tour including dates, tournaments, locations, purses, and winners.
```
Date,Tournament,Location,Purse ($),Winner(s)
Jul 10,CVS Charity Classic,Rhode Island,1100000.0,Mark Calcavecchia and  Nick Price
Sep 30,Ryder Cup,England,,Postponed
Nov 11,Franklin Templeton Shootout,Florida,2000000.0,Brad Faxon and  Scott McCarron
Nov 18,WGC-World Cup,Japan,3000000.0,Ernie Els and  Retief Goosen
Nov 21,PGA Grand Slam of Golf,Hawaii,1000000.0,Tiger Woods
Nov 25,Skins Game,California,1000000.0,Greg Norman
Dec 09,Hyundai Team Matches,California,400000.0,Mark Calcavecchia and  Fred Couples
Dec 16,Williams World Challenge,California,4120000.0,Tiger Woods

```
Which 'Tournament' has the second from the bottom value in the 'Purse ($)' column ?

Return only the value, with no additional words, punctuation, or explanation.
If you are unsure, return the most likely value from your knowledge; do not guess or make something up."
https://en.wikipedia.org/wiki/2002%E2%80%9303_snooker_season,Points 2000/01,11397,['Quinten Hann'],-1,"Based on the following table: 
Top 16 snooker players and their ranking points totals for the 2002–03 season.
```
Player,Points 2000/01,Points 2001/02,Total
Ronnie O'Sullivan,25399,24625,50024
Mark Williams,21735,25050,46785
Peter Ebdon,20777,23875,44652
John Higgins,22034,22300,44334
Ken Doherty,22079,21400,43479
Stephen Hendry,17478,24650,42128
Stephen Lee,13944,25725,39669
Matthew Stevens,14879,18000,32879
Paul Hunter,15809,15500,31309
Jimmy White,12009,16925,28934
Mark King,11895,15537,27432
Graeme Dott,11397,15762,27159
Joe Perry,9269,17700,26969
Quinten Hann,11395,14837,26232
Alan McManus,12190,13550,25740
Joe Swail,12117,12762,24879

```
Which 'Player' has the second from the bottom value in the 'Points 2000/01' column ?

Return only the value, with no additional words, punctuation, or explanation.
If you are unsure, return the most likely value from your knowledge; do not guess or make something up."
https://en.wikipedia.org/wiki/2002_PGA_Tour,Prize money ($),2702747,['Charles Howell III'],-1,"Based on the following table: 
Top 10 money leaders of the 2002 PGA Tour
```
Position,Player,Prize money ($)
1,Tiger Woods,6912625
2,Phil Mickelson,4311971
3,Vijay Singh,3756563
4,David Toms,3459739
5,Ernie Els,3291895
6,Jerry Kelly,2946889
7,Rich Beem,2938365
8,Justin Leonard,2738235
9,Charles Howell III,2702747
10,Retief Goosen,2617004

```
Which 'Player' has the second from the bottom value in the 'Prize money ($)' column ?

Return only the value, with no additional words, punctuation, or explanation.
If you are unsure, return the most likely value from your knowledge; do not guess or make something up."
https://en.wikipedia.org/wiki/2003_AIHL_season,GP,5,['Trevor Walsh'],-1,"Based on the following table: 
Top point-scoring players in the 2003 AIHL season.
```
Player,Team,GP,G,A,Pts,PIM,POS
Pavel Shtefan,Newcastle North Stars,6,8,11,19,2,F
Daryl Bat,Newcastle North Stars,6,10,7,17,8,C
Greg Oddy,Adelaide Avalanche,6,10,7,17,10,F
Jake Ludvig,Newcastle North Stars,6,8,7,15,2,
Vladimir Rubes,Sydney Bears,4,5,9,14,0,F
Chris Sekura,West Sydney Ice Dogs,6,2,10,12,31,F
Dylan Martini,Adelaide Avalanche,6,1,11,12,12,D
Phillipe Roussell,West Sydney Ice Dogs,6,8,3,11,22,F
Murray Wand,Sydney Bears,6,5,5,10,8,F
Trevor Walsh,Adelaide Avalanche,5,4,6,10,31,F

```
Which 'Player' has the second from the bottom value in the 'GP' column ?

Return only the value, with no additional words, punctuation, or explanation.
If you are unsure, return the most likely value from your knowledge; do not guess or make something up."
https://en.wikipedia.org/wiki/2003_Australian_GT_Performance_Car_Championship,Points,2,['Anthony Alford'],-1,"Based on the following table: 
Drivers, cars, entrants, and points standings in the 2003 Australian GT Performance Car Championship.
```
Position,Driver,No.,Car,Entrant,Points
1,Mark King,34,Mitsubishi Lancer Evo VII,Delphi / King Springs,350
2,Wayne Boatwright,60,Subaru Impreza WRX STi,Establishment Hotel Bilstien,311
3,Garry Holt,2,Mitsubishi Lancer Evo VII,Nepean EFI,222
4,Peter Floyd,300,HSV VX GTS  HSV VY GTS,Floyd Motorsport,219
5,Justin Hemmes,50,Subaru Impreza WRX STi,Establishment Hotel Bilstien,206
6,John Falk,87,Subaru Impreza WRX STi  FTE TE50,FRP Pools,200
7,Steve Cramp,27,BMW M Coupe,C.V.W Engineering/Scouts Aust,179
8,Graham Alexander,57,Mitsubishi Lancer Evo VII,Corio Auto Parts Plus,177
9,Barry Morcom,11,HSV VX GTS,Rondo Building Services,162
10,Bob Pearson,33,Mazda RX-7 Series 8,Pro-Duct Motorsport,158
11,Ian Box,666,Subaru Impreza WRX STi,BT Lift Trucks,134
12,Steve Knight,23,Mitsubishi Lancer Evo VI,Steve Knight,127
13,Bob Hughes,15,Mitsubishi Lancer Evo VI,Bob Hughes Special Vehicles,114
14,Gary Deane,91,Subaru Impreza WRX STi,G.P. Motorsport,98
15,Peter Boylan,7,BMW M3 E46,Quirks Refrigeration,94
16,Barrie Nesbitt,5,HSV VY GTS,Mortgage House,73
17,Robert Ogilvie,10,Mitsubishi Lancer Evo V,Driving Force,72
18,Beric Lynton,123,BMW M3 E46,Bruce Lynton BMW,55
19,Ric Shaw,35,Mazda RX-7 Series 6,Ric Shaw Performance,53
20,Aaron McGill,75,Nissan 200SX GT,Dux Hot Water,52
21,Paul Stokell,21,Volkswagen Golf R32,Volkswagen Dealer Racing,42
22,Mark Cohen,44,HSV VX GTS,Mark Cohen,31
23,Nathan Pilkington,77,Nissan 350Z,Nathan Pilkington,27
24,Michael Brock,88,Mitsubishi Lancer Evo VI,Michael Brock,23
25,Anton Mechtler,9,Mitsubishi Lancer Evo VII,Mek Tek Motorsport,22
26,Bruce Stewart,3,Mazda RX-7 Series 8,Pro-Duct Motorsport,16
27,Mike Fitzgerald,42,Nissan 200SX GT,Aussie Hire Building Equipment,15
28,Jim Stewart,41,Subaru Impreza WRX STi,Jim Stewart Racing,13
29,Trevor Haines,17,FTE TE50  FPV BA GT,FPV/Yamaha,12
30,Kenny Habul,75,BMW M Coupe,Go Karts Go,10
30,Ross Almond,6,Mitsubishi Lancer Evo VII,Nepean EFI,10
32,Dennis Gilbert,38,HSV VY GTS,Castran Gilbert Pty Ltd,8
32,John Grounds,16,Subaru Impreza WRX STi,Donut King,8
34,Anthony Alford,12,Nissan 200SX GT,Donut King,7
35,Stewart McColl,20,Volkswagen Golf R32,Volkswagen Dealers Australia,2
35,Warren Millet,18,HSV VX GTS,Wake-Up,2

```
Which 'Driver' has the second from the bottom value in the 'Points' column ?

Return only the value, with no additional words, punctuation, or explanation.
If you are unsure, return the most likely value from your knowledge; do not guess or make something up."
https://en.wikipedia.org/wiki/2003_Canadian_Tour,Purse (C$),150000,"['Northern Ontario Open', 'Victoria Open', 'Greater Vancouver Classic']",-1,"Based on the following table: 
Schedule and winners of the 2003 Canadian Tour golf tournaments.
```
Date,Tournament,Location,Purse (C$),Winner,OWGR points
Feb 16,TravelTex.com Canadian Tour Classic,United States,150000,Anders Hultman,6
Feb 23,TravelTex.com Canadian Tour Challenge,United States,150000,Rob Johnson,6
May 11,Michelin Guadalajara Classic,Mexico,150000,Erik Compton,6
May 17,Corona Ixtapa Classic,Mexico,150000,Derek Gillespie,6
Jun 29,Northern Ontario Open,Ontario,175000,Mario Tiziani,6
Jul 13,MTS Classic,Manitoba,150000,Jon Mills,6
Jul 20,Telus Edmonton Open,Alberta,150000,Rob Johnson,6
Jul 27,Victoria Open,British Columbia,175000,Patrick Damron,6
Aug 03,Greater Vancouver Classic,British Columbia,175000,James Lepp,6
Aug 17,Lewis Chitengwa Memorial Championship,United States,150000,Nick Watney,6
Aug 24,Bay Mills Open Players Championship,United States,235000,Rodney Butcher,6

```
Which 'Tournament' has the second from the bottom value in the 'Purse (C$)' column ?

Return only the value, with no additional words, punctuation, or explanation.
If you are unsure, return the most likely value from your knowledge; do not guess or make something up."
https://en.wikipedia.org/wiki/2003_Jordanian_general_election,Districts,1.0,"['Tafileh', 'Madaba', 'Ajloun']",-1,"Based on the following table: 
Seats allocated by religious group and governorate in the 2003 Jordanian general election
```
Governorate,Districts,Muslims,Circassian or Chechens,Christians,Total
Amman,7.0,20.0,2.0,1.0,23
Irbid,9.0,15.0,0.0,1.0,16
Balqa,4.0,8.0,0.0,2.0,10
Karak,6.0,8.0,0.0,2.0,10
Ma'an,3.0,4.0,0.0,0.0,4
Zarqa,4.0,8.0,1.0,1.0,10
Mafraq,1.0,4.0,0.0,0.0,4
Tafileh,2.0,4.0,0.0,0.0,4
Madaba,2.0,3.0,0.0,1.0,4
Jerash,1.0,4.0,0.0,0.0,4
Ajloun,2.0,3.0,0.0,1.0,4
Aqaba,1.0,2.0,0.0,0.0,4
North Bedouin Tribes,1.0,3.0,0.0,0.0,3
Center Bedouin Tribes,1.0,3.0,0.0,0.0,3
South Bedouin Tribes,1.0,3.0,0.0,0.0,3
Minimum Women Quota,,,,,6
Total,45.0,92.0,3.0,9.0,110

```
Which 'Governorate' has the second from the bottom value in the 'Districts' column ?

Return only the value, with no additional words, punctuation, or explanation.
If you are unsure, return the most likely value from your knowledge; do not guess or make something up."
https://en.wikipedia.org/wiki/2003_PGA_Tour_of_Australasia,Purse (A$),75000.0,"['Bega Cheese NSW PGA Championship', 'Toyota Southern Classic', 'Schweppes SA PGA Championship', 'WA PGA Championship', 'Queensland Masters', 'Links Group Victorian PGA Championship', 'QLD Group Queensland Open', 'Queensland PGA Championship', 'GolfSkins New South Wales Open']",-1,"Based on the following table: 
Tournaments, locations, prize purses, and winners of the 2003 PGA Tour of Australasia.
```
Date,Tournament,Location,Purse (A$),Winner
16 Mar,Bega Cheese NSW PGA Championship,New South Wales,100000.0,Chris Downes
23 Mar,Toyota Southern Classic,New South Wales,100000.0,Scott Hend
30 Mar,Volvo Trucks Klassic,New South Wales,75000.0,Marcus Fraser
09 May,Schweppes SA PGA Championship,South Australia,100000.0,Stuart Bouvier
25 May,WA PGA Championship,Western Australia,100000.0,Kim Felton
20 Jul,Queensland Masters,Queensland,100000.0,Peter Senior
12 Oct,Links Group Victorian PGA Championship,Victoria,100000.0,Martin Doyle
26 Oct,Victorian Open,Victoria,,Cancelled
02 Nov,QLD Group Queensland Open,Queensland,100000.0,Scott Hend
09 Nov,Queensland PGA Championship,Queensland,100000.0,David Diaz
23 Nov,GolfSkins New South Wales Open,New South Wales,100000.0,Craig Carmichael

```
Which 'Tournament' has the second from the bottom value in the 'Purse (A$)' column ?

Return only the value, with no additional words, punctuation, or explanation.
If you are unsure, return the most likely value from your knowledge; do not guess or make something up."
https://en.wikipedia.org/wiki/2003_Rugby_World_Cup_statistics,Played,2,['Pablo Bouza'],-1,"Based on the following table: 
Top try-scoring players and their match statistics from the 2003 Rugby World Cup.
```
Player,Team,Position,Played,Tries,Conv,Penalties,Drop goals,Total points,Yellow cards,Red cards
Doug Howlett,New Zealand,Wing,7,7,0,0,0,35,0,0
Mils Muliaina,New Zealand,Full-back,7,7,0,0,0,35,0,0
Joe Rokocoko,New Zealand,Wing,5,6,0,0,0,30,0,0
Will Greenwood,England,Centre,6,5,0,0,0,25,0,0
Chris Latham,Australia,Full-back,1,5,0,0,0,25,0,0
Josh Lewsey,England,Full-back,5,5,0,0,0,25,0,0
Mat Rogers,Australia,Full-back,7,5,16,0,0,57,1,0
Lote Tuqiri,Australia,Wing,7,5,0,0,0,25,0,0
Pablo Bouza,Argentina,Number 8,2,4,0,0,0,20,0,0
Christophe Dominici,France,Wing,5,4,0,0,0,20,1,0
Caleb Ralph,New Zealand,Wing,4,4,0,0,0,20,0,0

```
Which 'Player' has the second from the bottom value in the 'Played' column ?

Return only the value, with no additional words, punctuation, or explanation.
If you are unsure, return the most likely value from your knowledge; do not guess or make something up."
https://en.wikipedia.org/wiki/2004_Australian_federal_election,Total votes,341,['Nuclear Disarmament Party'],-1,"Based on the following table: 
Minor party preference flows and total votes in the 2004 Australian federal election.
```
Minor party,Total votes,% to Liberal/National Coalition,% to Labor
Christian Democratic Party,72241,74.63,25.37
Citizens Electoral Council,42349,47.83,52.17
Socialist Alliance,14155,25.55,74.45
New Country Party,9439,59.16,40.84
Liberals for Forests,8165,60.18,39.82
No GST,7802,38.11,61.89
""Ex-Service, Service and Veterans Party"",4369,52.69,47.31
Progressive Labour Party,3775,19.36,80.64
Outdoor Recreation Party,3505,44.37,55.63
Save the ADI Site Party,3490,33.12,66.88
The Great Australians,2824,61.47,38.53
The Fishing Party,2516,45.15,54.85
Lower Excise Fuel and Beer Party,2007,52.96,47.04
Democratic Labor Party,1372,58.53,41.47
Non-Custodial Parents Party,1132,26.86,73.14
HEMP,787,41.93,58.07
Nuclear Disarmament Party,341,20.82,79.18
Aged and Disability Pensioners Party,285,45.96,54.04

```
Which 'Minor party' has the second from the bottom value in the 'Total votes' column ?

Return only the value, with no additional words, punctuation, or explanation.
If you are unsure, return the most likely value from your knowledge; do not guess or make something up."
https://en.wikipedia.org/wiki/2004_Champions_Tour,Purse (US$),1500000,"['SBC Classic', 'Blue Angels Classic', ""Bruno's Memorial Classic"", 'Allianz Championship', 'Commerce Bank Long Island Classic', 'Kroger Classic', 'SBC Championship']",-1,"Based on the following table: 
Winners and prize purses of 2004 Champions Tour golf tournaments by date and location.
```
Date,Tournament,Location,Purse (US$),Winner
Jan 25,MasterCard Championship,Hawaii,1600000,Fuzzy Zoeller
Feb 08,Royal Caribbean Golf Classic,Florida,1450000,Bruce Fleisher
Feb 15,ACE Group Classic,Florida,1600000,Craig Stadler
Feb 22,Outback Steakhouse Pro-Am,Florida,1600000,Mark McNulty
Mar 07,MasterCard Classic,Mexico,2000000,Ed Fiori
Mar 14,SBC Classic,California,1500000,Gil Morgan
Mar 21,Toshiba Senior Classic,California,1600000,Tom Purtzer
Apr 18,Blue Angels Classic,Florida,1500000,Tom Jenkins
Apr 25,Liberty Mutual Legends of Golf,Georgia,3100000,Hale Irwin
May 02,Bruno's Memorial Classic,Alabama,1500000,Bruce Fleisher
May 09,FedEx Kinko's Classic,Texas,1600000,Larry Nelson
May 23,Allianz Championship,Iowa,1500000,D. A. Weibring
May 31,Senior PGA Championship,Kentucky,2000000,Hale Irwin
Jun 06,Farmers Charity Classic,Michigan,1600000,Jim Thorpe
Jun 13,Bayer Advantage Celebrity Pro-Am,Missouri,1650000,Allen Doyle
Jun 27,Bank of America Championship,Massachusetts,1550000,Craig Stadler
Jul 04,Commerce Bank Long Island Classic,New York,1500000,Jim Thorpe
Jul 11,Ford Senior Players Championship,Michigan,2500000,Mark James
Jul 25,The Senior British Open Championship,Northern Ireland,1600000,Pete Oakley
Aug 01,U.S. Senior Open,Missouri,2600000,Peter Jacobsen
Aug 08,3M Championship,Minnesota,1750000,Tom Kite
Aug 22,Greater Hickory Classic at Rock Barn,North Carolina,1600000,Doug Tewell
Aug 29,JELD-WEN Tradition,Oregon,2300000,Craig Stadler
Sep 05,First Tee Open at Pebble Beach,California,2000000,Craig Stadler
Sep 12,Kroger Classic,Ohio,1500000,Bruce Summerhays
Sep 26,SAS Championship,North Carolina,1800000,Craig Stadler
Oct 03,Constellation Energy Classic,Maryland,1600000,Wayne Levi
Oct 10,Administaff Small Business Classic,Texas,1600000,Larry Nelson
Oct 17,SBC Championship,Texas,1500000,Mark McNulty
Oct 24,Charles Schwab Cup Championship,California,2500000,Mark McNulty

```
Which 'Tournament' has the second from the bottom value in the 'Purse (US$)' column ?

Return only the value, with no additional words, punctuation, or explanation.
If you are unsure, return the most likely value from your knowledge; do not guess or make something up."
https://en.wikipedia.org/wiki/2004_NCAA_Division_I_women%27s_basketball_tournament,Bids,1,"['Florida', 'Michigan', 'Missouri', 'Wisconsin']",-1,"Based on the following table: 
States and their teams receiving bids to the 2004 NCAA Division I women's basketball tournament.
```
Bids,State,Teams
6,Tennessee,""Austin Peay, Chattanooga, Lipscomb, Middle Tenn., Vanderbilt, Tennessee""
5,Texas,""Houston, Baylor, TCU, Texas, Texas Tech""
4,California,""Loyola Marymount, Stanford, UC Santa Barb., UCLA""
4,Louisiana,""Louisiana Tech, Northwestern St., Southern U., LSU""
4,Pennsylvania,""Penn, Temple, Penn St., Villanova St. Francis Pa.""
4,Virginia,""Hampton, Liberty, Old Dominion, Virginia Tech""
3,Indiana,""Purdue, Valparaiso, Notre Dame""
3,New York,""Colgate, Marist,""
3,North Carolina,""Duke, North Carolina, North Carolina St.""
2,Florida,""Florida, Miami FL""
2,Michigan,""Eastern Mich., Michigan St.""
2,Missouri,""Missouri St., Missouri""
2,Wisconsin,""Green Bay, Marquette""
1,Alabama,Auburn
1,Arizona,Arizona
1,Colorado,Colorado
1,Connecticut,Connecticut
1,District of Columbia,George Washington
1,Georgia,Georgia
1,Illinois,DePaul
1,Iowa,Iowa
1,Kansas,Kansas St.
1,Maine,Maine
1,Maryland,Maryland.
1,Massachusetts,Boston College
1,Minnesota,Minnesota
1,Mississippi,Ole Miss
1,Montana,Montana
1,New Jersey,Rutgers
1,New Mexico,New Mexico
1,Ohio,Ohio St.
1,Oklahoma,Oklahoma
1,West Virginia,West Virginia

```
Which 'State' has the second from the bottom value in the 'Bids' column ?

Return only the value, with no additional words, punctuation, or explanation.
If you are unsure, return the most likely value from your knowledge; do not guess or make something up."
https://en.wikipedia.org/wiki/2005_Armenian_Premier_League,Capacity,3500,"['Lernagorts-Ararat Kapan', 'Mika Ashtarak']",-1,"Based on the following table: 
Stadiums and capacities of clubs in the 2005 Armenian Premier League.
```
Club,City,Stadium,Capacity
Banants,Yerevan,Nairi Stadium,6850
Dinamo-Zenit,Yerevan,Republican Stadium,14968
Esteghlal-Kotayk,Abovyan,Kotayk Stadium,5500
Kilikia,Yerevan,Hrazdan Stadium,55000
Lernagorts-Ararat Kapan,Kapan,Lernagorts Stadium,3500
Lernayin Artsakh,Yerevan,Hrazdan Stadium,55000
Mika Ashtarak,Ashtarak,Kasaghi Marzik Stadium,3500
Pyunik,Yerevan,Republican Stadium,14968
Shirak,Gyumri,Gyumri City Stadium,2844

```
Which 'Club' has the second from the bottom value in the 'Capacity' column ?

Return only the value, with no additional words, punctuation, or explanation.
If you are unsure, return the most likely value from your knowledge; do not guess or make something up."
https://en.wikipedia.org/wiki/2006%E2%80%9307_snooker_season,Points 2005/06,9125,['Ali Carter'],-1,"Based on the following table: 
Top 16 snooker players and their ranking points breakdown for the 2006–07 season.
```
Player,Points 2005/06,NIT,GP,UK,WO,MC,CO,WSC,Points 2006/07,Total
John Higgins,19150,1900,2500,4800,700,700,2500,10000,23100,42250
Graeme Dott,19100,2500,575,4800,1900,2500,5000,1400,18675,37775
Shaun Murphy,16350,2500,1400,1050,2500,5000,2500,6400,21350,37700
Ken Doherty,20250,2500,1900,2850,1900,2500,2500,1400,15550,35800
Ronnie O'Sullivan,12850,4000,2500,2850,2500,700,3200,5000,20750,33600
Peter Ebdon,15550,700,1400,7500,700,3200,700,3800,18000,33550
Neil Robertson,12575,1900,5000,1050,5000,1900,1900,3800,20550,33125
Stephen Hendry,15100,1900,575,6000,1900,2500,700,3800,17375,32475
Ding Junhui,14475,5000,1400,3750,575,1400,1400,2800,16325,30800
Stephen Maguire,11000,1900,1400,2850,3200,1900,1900,6400,19550,30550
Mark Selby,9125,1900,1900,2100,1900,575,1900,8000,18275,27400
Mark Williams,18300,1900,575,2850,700,700,700,1400,8825,27125
Stephen Lee,13500,3200,1900,2850,700,1900,700,1400,12650,26150
Ali Carter,9550,700,1400,1050,2500,3200,1900,5000,15750,25300
Steve Davis,13100,700,1400,3750,3200,700,700,1400,11850,24950
Ryan Day,10050,2500,1900,2100,575,4000,575,2800,14450,24500

```
Which 'Player' has the second from the bottom value in the 'Points 2005/06' column ?

Return only the value, with no additional words, punctuation, or explanation.
If you are unsure, return the most likely value from your knowledge; do not guess or make something up."
https://en.wikipedia.org/wiki/2006_Champions_Tour,Purse (US$),1600000.0,"['ACE Group Classic', 'Outback Steakhouse Pro-Am', 'AT&T Classic', 'Puerto Vallarta Blue Agave Golf Classic', ""FedEx Kinko's Classic"", 'Regions Charity Classic', 'Boeing Championship at Sandestin', 'Boeing Greater Seattle Classic', 'Greater Hickory Classic at Rock Barn', 'Administaff Small Business Classic', 'AT&T Championship']",-1,"Based on the following table: 
Schedule, locations, prize money, and winners of tournaments in the 2006 Champions Tour season.
```
Date,Tournament,Location,Purse (US$),Winner
Jan 22,MasterCard Championship,Hawaii,1700000.0,Loren Roberts
Jan 29,Turtle Bay Championship,Hawaii,1500000.0,Loren Roberts
Feb 19,ACE Group Classic,Florida,1600000.0,Loren Roberts
Feb 26,Outback Steakhouse Pro-Am,Florida,1600000.0,Jerry Pate
Mar 12,AT&T Classic,California,1600000.0,Tom Kite
Mar 20,Toshiba Classic,California,1650000.0,Brad Bryant
Apr 02,Puerto Vallarta Blue Agave Golf Classic,Mexico,1600000.0,Morris Hatalsky
Apr 23,Liberty Mutual Legends of Golf,Georgia,2500000.0,Jay Haas
Apr 30,FedEx Kinko's Classic,Texas,1600000.0,Jay Haas
May 07,Regions Charity Classic,Alabama,1600000.0,Brad Bryant
May 14,Boeing Championship at Sandestin,Florida,1600000.0,Bobby Wadkins
May 28,Senior PGA Championship,Oklahoma,2000000.0,Jay Haas
Jun 04,Allianz Championship,Iowa,1500000.0,Gil Morgan
Jun 11,Bank of America Championship,Massachusetts,,Canceled
Jun 25,Commerce Bank Championship,New York,1500000.0,John Harris
Jul 02,Greater Kansas City Golf Classic,Kansas,1650000.0,Dana Quigley
Jul 09,U.S. Senior Open,Kansas,2600000.0,Allen Doyle
Jul 16,Ford Senior Players Championship,Michigan,2500000.0,Bobby Wadkins
Jul 30,The Senior British Open Championship,Scotland,1800000.0,Loren Roberts
Aug 06,3M Championship,Minnesota,1750000.0,David Edwards
Aug 20,Boeing Greater Seattle Classic,Washington,1600000.0,Tom Kite
Aug 27,JELD-WEN Tradition,Oregon,2500000.0,Eduardo Romero
Sep 03,Wal-Mart First Tee Open at Pebble Beach,California,2000000.0,Scott Simpson
Sep 17,Constellation Energy Classic,Maryland,1700000.0,Bob Gilder
Oct 01,Greater Hickory Classic at Rock Barn,North Carolina,1600000.0,Andy Bean
Oct 08,SAS Championship,North Carolina,2000000.0,Tom Jenkins
Oct 15,Administaff Small Business Classic,Texas,1600000.0,Jay Haas
Oct 23,AT&T Championship,Texas,1600000.0,Fred Funk
Oct 30,Charles Schwab Cup Championship,California,2500000.0,Jim Thorpe

```
Which 'Tournament' has the second from the bottom value in the 'Purse (US$)' column ?

Return only the value, with no additional words, punctuation, or explanation.
If you are unsure, return the most likely value from your knowledge; do not guess or make something up."
https://en.wikipedia.org/wiki/2006_Kerrick_Sports_Sedan_Series,Points,9,['Graham Smith'],-1,"Based on the following table: 
Final standings of drivers in the 2006 Kerrick Sports Sedan Series.
```
Position,Driver,Car,Points
1,Dean Randle,Saab 9-3 Aero Chevrolet,227
2,Tony Ricciardello,Alfa Romeo Alfetta GTV Chevrolet,195
3,Daniel Tamasi,Holden Calibra Chevrolet,168
4,Stephen Voight,Nissan 300ZX Chevrolet,110
5,Glen Hastings,Ford TC Cortina Chevrolet,97
6,Charlie Senese,Honda Prelude Chevrolet,89
7,Kerry Baily,Nissan 300ZX Chevrolet,84
8,Des Wall,Chevrolet Corvette,77
9,Phil Crompton,Ford Mustang,72
10,Jeff Barnes,Pontiac Firebird Trans Am,51
11,Darren Hossack,Saab 9-3 Aero Chevrolet,45
12,Trent Young,Mazda RX-7,39
13,Daniel Jamieson,Jaguar XKR Chevrolet,39
14,Chris Jackson,Holden Calibra Chevrolet,34
15,Colin Smith,Rover Vitesse Chevrolet,32
16,Chris Donnelly,Ford EB Falcon,30
17,Bob McLoughlin,Holden VS Commodore Chevrolet,29
18,Mark Nelson,Saab 9-3 Aero Chevrolet,22
19,Geoff Gillespie,BMW E36 M3,15
20,Stephen Lichtenberger,Mazda RX-7,13
21,Shane Bradford,Ford EB Falcon,13
22,Dean Camm,Honda Prelude Chevrolet,11
23,Fred Axisa,Holden VX Commodore Chevrolet,11
24,Anthony Macready,Rover Vitesse Chevrolet,9
25,Graham Smith,Opel Calibra Ford V6 Turbo,7
26,Bill Martin,Mazda RX-7,0

```
Which 'Driver' has the second from the bottom value in the 'Points' column ?

Return only the value, with no additional words, punctuation, or explanation.
If you are unsure, return the most likely value from your knowledge; do not guess or make something up."
https://en.wikipedia.org/wiki/2007%E2%80%9308_snooker_season,Ch,13.0,"['Peter Ebdon', 'Neil Robertson']",-1,"Based on the following table: 
Top 16 snooker players and their ranking points breakdown for the 2007–08 season.
```
Ch,Player,Points 2006/07,SM,GP,NI,UK,WO,CO,WSC,Points 2007/08,Total
4.0,Ronnie O'Sullivan,20750,700,5000,2500,7500,4000,0,10000,29700,50450
8.0,Stephen Maguire,19550,1900,2375,5000,6000,700,5000,5000,25975,45525
,Shaun Murphy,21350,700,4000,3200,4800,3200,4000,3800,23700,45050
7.0,Mark Selby,18275,3200,1750,700,4800,5000,3200,1400,20050,38325
4.0,John Higgins,23100,1900,2375,700,1050,2500,2500,3800,14825,37925
2.0,Stephen Hendry,17375,1900,1750,1900,1050,3200,700,6400,16900,34275
7.0,Ali Carter,15750,700,2375,1900,1050,2500,1900,8000,18425,34175
8.0,Ryan Day,14450,4000,2375,1900,1050,1900,3200,5000,19425,33875
3.0,Peter Ebdon,18000,700,3125,2500,1050,700,1900,5000,14975,32975
3.0,Neil Robertson,20550,700,1750,2500,1050,1900,700,3800,12400,32950
2.0,Ding Junhui,16325,1900,719,1900,3750,1900,1900,3800,15869,32194
6.0,Joe Perry,12175,575,3125,1400,2850,2500,1400,6400,18250,30425
11.0,Graeme Dott,18675,3200,719,700,1050,700,700,1400,8469,27144
13.0,Marco Fu,8925,1400,6250,575,3750,1400,1900,2800,18075,27000
6.0,Mark King,12325,575,1750,1400,2850,1400,1900,3800,13675,26000
13.0,Mark Allen,10650,575,1750,3200,2850,1400,2500,2800,15075,25725

```
Which 'Player' has the second from the bottom value in the 'Ch' column ?

Return only the value, with no additional words, punctuation, or explanation.
If you are unsure, return the most likely value from your knowledge; do not guess or make something up."
https://en.wikipedia.org/wiki/2007_Champions_Tour,Purse (US$),1500000,"['Turtle Bay Championship', 'Allianz Championship', 'Outback Steakhouse Pro-Am', 'ACE Group Classic', 'AT&T Champions Classic', ""FedEx Kinko's Classic"", 'Regions Charity Classic', 'Principal Charity Classic', ""Dick's Sporting Goods Open"", 'Boeing Classic', 'Greater Hickory Classic at Rock Barn', 'AT&T Championship']",-1,"Based on the following table: 
Winners and details of tournaments in the 2007 Champions Tour season.
```
Date,Tournament,Location,Purse (US$),Winner
Jan 21,MasterCard Championship,Hawaii,1700000,Hale Irwin
Jan 28,Turtle Bay Championship,Hawaii,1600000,Fred Funk
Feb 11,Allianz Championship,Florida,1600000,Mark James
Feb 18,Outback Steakhouse Pro-Am,Florida,1600000,Tom Watson
Feb 25,ACE Group Classic,Florida,1600000,Bobby Wadkins
Mar 11,Toshiba Classic,California,1650000,Jay Haas
Mar 18,AT&T Champions Classic,California,1600000,Tom Purtzer
Apr 01,Ginn Championship Hammock Beach Resort,Florida,2500000,Keith Fergus
Apr 22,Liberty Mutual Legends of Golf,Georgia,2500000,Jay Haas
May 06,FedEx Kinko's Classic,Texas,1600000,Scott Hoch
May 20,Regions Charity Classic,Alabama,1600000,Brad Bryant
May 27,Senior PGA Championship,South Carolina,2000000,Denis Watson
Jun 03,Boeing Championship at Sandestin,Florida,1650000,Loren Roberts
Jun 10,Principal Charity Classic,Iowa,1600000,Jay Haas
Jun 24,Bank of America Championship,Massachusetts,1650000,Jay Haas
Jul 01,Commerce Bank Championship,New York,1500000,Lonnie Nielsen
Jul 08,U.S. Senior Open,Wisconsin,2600000,Brad Bryant
Jul 15,Dick's Sporting Goods Open,New York,1600000,R. W. Eaks
Jul 29,The Senior Open Championship,Scotland,2000000,Tom Watson
Aug 05,3M Championship,Minnesota,1750000,D. A. Weibring
Aug 19,JELD-WEN Tradition,Oregon,2600000,Mark McNulty
Aug 26,Boeing Classic,Washington,1600000,Denis Watson
Sep 02,Wal-Mart First Tee Open at Pebble Beach,California,2000000,Gil Morgan
Sep 16,Greater Hickory Classic at Rock Barn,North Carolina,1600000,R. W. Eaks
Sep 23,SAS Championship,North Carolina,2000000,Mark Wiebe
Oct 07,Constellation Energy Senior Players Championship,Maryland,2600000,Loren Roberts
Oct 14,Administaff Small Business Classic,Texas,1700000,Bernhard Langer
Oct 21,AT&T Championship,Texas,1600000,John Cook
Oct 28,Charles Schwab Cup Championship,California,2500000,Jim Thorpe

```
Which 'Tournament' has the second from the bottom value in the 'Purse (US$)' column ?

Return only the value, with no additional words, punctuation, or explanation.
If you are unsure, return the most likely value from your knowledge; do not guess or make something up."
https://en.wikipedia.org/wiki/2007_League_of_Ireland_Premier_Division,Capacity,2500,['Galway United'],-1,"Based on the following table: 
Club details for teams in the 2007 League of Ireland Premier Division.
```
Team,Base,Manager,Main sponsor,Kit supplier,Stadium,Capacity
Bohemians,Phibsborough,Sean Connor,Des Kelly Interiors,Diadora,Dalymount Park,8500
Bray Wanderers,Bray,Eddie Gormley,Hard Metal,Umbro,Carlisle Grounds,7000
Cork City,Cork,Damien Richardson,Beamish,O'Neill's,Turners Cross,8000
Derry City,Derry,John Robertson,MeteorElectrical.com,Umbro,Brandywell Stadium,7700
Drogheda United,Drogheda,Paul Doolin,Murphy Environmental,Jako,United Park,5400
Galway United,Galway,Tony Cousins,Harrmack Developments,Umbro,Terryland Park,4500
Kildare County,Newbridge,John Ryan,Swifts,Umbro,Station Road,2500
Shamrock Rovers,Drumcondra,Pat Scully,Woodie's DIY,Umbro,Tolka Park,12000
Sligo Rovers,Sligo,Paul Cook,Toher's,Jako,The Showgrounds,5500
St Patrick's Athletic,Inchicore,John McDonnell,Paddy Power,Umbro,Richmond Park,5500
UCD,Belfield,Pete Mahon,Budweiser,O'Neills,Belfield Park,2500
Waterford United,Waterford,Gareth Cronin,Perennial Freight,Diadora,Waterford Regional Sports Centre,8000

```
Which 'Team' has the second from the bottom value in the 'Capacity' column ?

Return only the value, with no additional words, punctuation, or explanation.
If you are unsure, return the most likely value from your knowledge; do not guess or make something up."
https://en.wikipedia.org/wiki/2008%E2%80%9309_Ukrainian_Premier_League,Capacity,9000,['Chornomorets Odesa'],-1,"Based on the following table: 
Stadiums, capacities, and clubs of the 2008–09 Ukrainian Premier League by rank.
```
Rank,Stadium,Capacity,Club
1,Dnipro Stadium,31003,Dnipro Dnipropetrovsk
2,Metalurh Stadium,29783,Kryvbas Kryvyi Rih
3,Ukraina Stadium,28051,Karpaty Lviv
4,RSK Olimpiyskiy,25831,Shakhtar Donetsk
5,Vorskla Stadium,25000,Vorskla Poltava
6,OSK Metalist,22757,Metalist Kharkiv
7,Avanhard Stadium,22320,Zorya Luhansk
8,Lokomotiv Stadium,19978,Tavriya Simferopol
9,Lobanovsky Dynamo Stadium,16873,Dynamo Kyiv Arsenal Kyiv
10,Illichivets Stadium,12680,Illichivets Mariupol
11,Slavutych Arena,11983,Metalurh Zaporizhzhia
12,Dynamo Stadium,9000,FC Kharkiv
13,Metalurh Stadium,5300,Metalurh Donetsk
14,Spartak Stadium,5000,Chornomorets Odesa
15,Kniazha Arena,3220,FC Lviv

```
Which 'Club' has the second from the bottom value in the 'Capacity' column ?

Return only the value, with no additional words, punctuation, or explanation.
If you are unsure, return the most likely value from your knowledge; do not guess or make something up."
https://en.wikipedia.org/wiki/2008%E2%80%9309_snooker_season,Ch,5.0,"['Ali Carter', 'Ryan Day', 'Ding Junhui']",-1,"Based on the following table: 
Ranking points and tournament results for top snooker players in the 2008–09 season.
```
Ch,Player,Points 07/08,NIT,SM,GP,BC,UK,WO,CO,WSC,Points 08/09,Total
,Ronnie O'Sullivan,29700,5000,4000,3125,700,2850,1900,2500,3800,23875,53575
,Stephen Maguire,25975,2500,3200,875,2500,4800,2500,700,5000,22075,48050
,Shaun Murphy,23700,700,700,875,700,7500,2500,2500,8000,23475,47175
1.0,John Higgins,14825,3200,1900,6250,0,3750,1900,4000,10000,31000,45825
2.0,Ali Carter,18425,3200,700,4000,700,4800,5000,1900,3800,24100,42525
2.0,Ryan Day,19425,1900,2500,5000,1900,1050,700,3200,5000,21250,40675
3.0,Mark Selby,20050,1900,3200,2375,0,1050,2500,1900,5000,17925,37975
6.0,Marco Fu,18075,700,2500,2375,700,6000,2500,700,3800,19275,37350
1.0,Neil Robertson,12400,700,1900,875,5000,2850,3200,1900,6400,22825,35225
4.0,Stephen Hendry,16900,700,700,2375,3200,1050,700,2500,5000,16225,33125
5.0,Mark Allen,15075,2500,575,875,3200,2850,700,700,6400,17800,32875
,Joe Perry,18250,1900,1900,2375,1900,3750,700,700,1400,14625,32875
2.0,Ding Junhui,15869,700,700,3125,0,2850,1900,700,3800,13775,29644
5.0,Peter Ebdon,14975,700,700,2375,700,2850,700,5000,1400,14425,29400
7.0,Mark Williams,15100,1900,2500,719,575,3750,575,1400,2800,14219,29319
1.0,Mark King,13675,700,1900,875,700,2850,1900,1900,3800,14625,28300

```
Which 'Player' has the second from the bottom value in the 'Ch' column ?

Return only the value, with no additional words, punctuation, or explanation.
If you are unsure, return the most likely value from your knowledge; do not guess or make something up."
https://en.wikipedia.org/wiki/2008_Champions_Tour,Purse (US$),1650000,"['Allianz Championship', 'Bank of America Championship', 'AT&T Championship']",-1,"Based on the following table: 
Schedule and results of tournaments in the 2008 Champions Tour season.
```
Date,Tournament,Location,Purse (US$),Winner
Jan 20,MasterCard Championship,Hawaii,1800000,Fred Funk
Jan 27,Turtle Bay Championship,Hawaii,1600000,Jerry Pate
Feb 10,Allianz Championship,Florida,1650000,Scott Hoch
Feb 17,ACE Group Classic,Florida,1600000,Scott Hoch
Mar 09,Toshiba Classic,California,1700000,Bernhard Langer
Mar 16,AT&T Champions Classic,California,1600000,Denis Watson
Mar 30,Ginn Championship Hammock Beach Resort,Florida,2500000,Bernhard Langer
Apr 06,Cap Cana Championship,Dominican Republic,2000000,Mark Wiebe
Apr 20,Outback Steakhouse Pro-Am,Florida,1700000,Tom Watson
Apr 27,Liberty Mutual Legends of Golf,Georgia,2600000,Andy North  and  Tom Watson
May 04,FedEx Kinko's Classic,Texas,1600000,Denis Watson
May 18,Regions Charity Classic,Alabama,1700000,Andy Bean
May 25,Senior PGA Championship,New York,2000000,Jay Haas
Jun 01,Principal Charity Classic,Iowa,1725000,Jay Haas
Jun 22,Bank of America Championship,Massachusetts,1650000,Jeff Sluman
Jun 29,Commerce Bank Championship,New York,1600000,Loren Roberts
Jul 06,Dick's Sporting Goods Open,New York,1600000,Eduardo Romero
Jul 20,3M Championship,Minnesota,1750000,R.W. Eaks
Jul 27,The Senior Open Championship,Scotland,2000000,Bruce Vaughan
Aug 03,U.S. Senior Open,Colorado,2600000,Eduardo Romero
Aug 17,JELD-WEN Tradition,Oregon,2600000,Fred Funk
Aug 24,Boeing Classic,Washington,1700000,Tom Kite
Aug 31,Walmart First Tee Open at Pebble Beach,California,2100000,Jeff Sluman
Sep 14,Greater Hickory Classic at Rock Barn,North Carolina,1700000,R.W. Eaks
Sep 28,SAS Championship,North Carolina,2100000,Eduardo Romero
Oct 12,Constellation Energy Senior Players Championship,Maryland,2600000,D. A. Weibring
Oct 19,Administaff Small Business Classic,Texas,1700000,Bernhard Langer
Oct 26,AT&T Championship,Texas,1650000,John Cook
Nov 02,Charles Schwab Cup Championship,California,2500000,Andy Bean

```
Which 'Tournament' has the second from the bottom value in the 'Purse (US$)' column ?

Return only the value, with no additional words, punctuation, or explanation.
If you are unsure, return the most likely value from your knowledge; do not guess or make something up."
https://en.wikipedia.org/wiki/2008_United_States_presidential_election_in_New_Hampshire,Votes,27,['Mark Klein'],-1,"Based on the following table: 
Results of candidates in the 2008 United States presidential election in New Hampshire.
```
Candidate,Votes,Percentage,Delegates
John McCain,88571,37.71%,7
Mitt Romney,75546,32.17%,4
Mike Huckabee,26859,11.44%,1
Rudy Giuliani,20439,8.7%,0
Ron Paul,18308,7.8%,0
Fred Thompson,2890,1.23%,0
Duncan Hunter,1217,0.52%,0
Alan Keyes,203,0.09%,0
Stephen Marchuk,123,0.05%,0
Tom Tancredo*,80,0.03%,0
Dr Hugh Cort,53,0.02%,0
Cornelius Edward O'Connor,45,0.02%,0
Albert Howard,44,0.02%,0
Vern Wuensche,44,0.02%,0
Vermin Supreme,41,0.02%,0
John H. Cox,39,0.02%,0
Daniel Gilbert,33,0.01%,0
James Creighton Mitchell Jr.,30,0.01%,0
Jack Shepard,27,0.01%,0
Mark Klein,19,0.01%,0
H. Neal Fendig Jr.,13,0%,0
Scattered,227,0.1%,0
Total,234851,100%,12

```
Which 'Candidate' has the second from the bottom value in the 'Votes' column ?

Return only the value, with no additional words, punctuation, or explanation.
If you are unsure, return the most likely value from your knowledge; do not guess or make something up."
https://en.wikipedia.org/wiki/2008_United_States_presidential_election_in_Washington_(state),Votes,4865,['Alan Keyes'],-1,"Based on the following table: 
Results of the 2008 Washington Republican presidential primary by candidate.
```
Candidate,Votes,Percentage,Delegates
John McCain,262304,49.50%,16
Mike Huckabee,127657,24.09%,8
Mitt Romney*,86140,16.25%,0
Ron Paul,40539,7.65%,5
Rudy Giuliani*,5145,0.97%,0
Fred Thompson*,4865,0.92%,0
Alan Keyes,2226,0.42%,0
Duncan Hunter*,799,0.19%,0
Total,529932,100%,29

```
Which 'Candidate' has the second from the bottom value in the 'Votes' column ?

Return only the value, with no additional words, punctuation, or explanation.
If you are unsure, return the most likely value from your knowledge; do not guess or make something up."
https://en.wikipedia.org/wiki/2008_Washington_Republican_presidential_caucuses_and_primary,Votes,4865,['Alan Keyes'],-1,"Based on the following table: 
Results of the 2008 Washington Republican presidential caucuses and primary by candidate.
```
Candidate,Votes,Percentage,Delegates
John McCain,262304,49.50%,16
Mike Huckabee,127657,24.09%,8
Mitt Romney*,86140,16.25%,0
Ron Paul,40539,7.65%,5
Rudy Giuliani*,5145,0.97%,0
Fred Thompson*,4865,0.92%,0
Alan Keyes,2226,0.42%,0
Duncan Hunter*,799,0.19%,0
Total,529932,100%,29

```
Which 'Candidate' has the second from the bottom value in the 'Votes' column ?

Return only the value, with no additional words, punctuation, or explanation.
If you are unsure, return the most likely value from your knowledge; do not guess or make something up."
https://en.wikipedia.org/wiki/2009%E2%80%9310_snooker_season,Ch,15,"[""Ronnie O'Sullivan"", 'Mark Selby']",-1,"Based on the following table: 
Ranking points and tournament results for professional snooker players in the 2009–10 season.
```
Ch,Player,Points 08/09,SM,GP,UK,WO,CO,WSC,Points 09/10,Total
3,John Higgins,31000,4480,4480,6400,5000,2660,3800,26820,57820
7,Neil Robertson,22825,980,7000,3040,1900,2660,10000,25580,48405
2,Ronnie O'Sullivan,23875,7000,2660,5120,3200,980,5000,23960,47835
1,Ali Carter,24100,2660,980,4000,4000,4480,6400,22520,46620
8,Ding Junhui,13775,3500,5600,8000,700,5600,3800,27200,40975
4,Stephen Maguire,22075,980,2660,5120,3200,2660,3800,18420,40495
4,Shaun Murphy,23475,4480,980,3040,700,980,5000,15180,38655
7,Mark Williams,14219,2660,4480,3040,2500,7000,3800,23480,37699
2,Mark Selby,17925,980,980,4000,2500,2660,6400,17520,35445
1,Mark Allen,17800,980,3500,1120,2500,4480,5000,17580,35380
1,Stephen Hendry,16225,2660,2660,3040,1900,3500,3800,17560,33785
6,Ryan Day,21250,3500,980,1120,2500,2660,1400,12160,33410
15,Graeme Dott,14025,1960,805,2240,1900,1960,8000,16865,30890
6,Marco Fu,19275,2660,980,1120,700,3500,1400,10360,29635
1,Mark King,14625,1960,2660,3040,1900,3500,1400,14460,29085
10,Liang Wenbo,12325,5600,1960,4000,575,805,2800,15740,28065

```
Which 'Player' has the second from the bottom value in the 'Ch' column ?

Return only the value, with no additional words, punctuation, or explanation.
If you are unsure, return the most likely value from your knowledge; do not guess or make something up."
https://en.wikipedia.org/wiki/2010%E2%80%9311_Pakistan_federal_budget,Rs. in Billion,166.5,['Change in Provincial Cash Balance'],-1,"Based on the following table: 
Receipts and their corresponding amounts in billions of rupees for the 2010–11 Pakistan federal budget.
```
Receipts,Rs. in Billion
Gross Revenue Receipt,2411.0
Tax Revenue,1778.7
Net Revenue Receipt,1377.4
Less Provincial Share,1033.6
Non-Tax Revenue,632.3
External Receipt,386.6
Self Financing of PSDP by provinces,341.6
Net Capital Receipt,325.4
Change in Provincial Cash Balance,166.9
Bank Borrowing,166.5

```
Which 'Receipts' has the second from the bottom value in the 'Rs. in Billion' column ?

Return only the value, with no additional words, punctuation, or explanation.
If you are unsure, return the most likely value from your knowledge; do not guess or make something up."
https://en.wikipedia.org/wiki/2010%E2%80%932014_NCAA_conference_realignment,Old membership total,8,['Great West'],-1,"Based on the following table: 
Membership changes of NCAA conferences during the 2010–2014 realignment.
```
Conference,Old membership total,New membership total,Net change,Members added,Members lost
America East,9,9,0,1,1
Atlantic Coast,12,15,3,4,1
Atlantic Sun,10,8,-2,1,3
Atlantic 10,14,14,0,4,4
Big East,16,11,-5,8,13
Big East,0,10,10,10,0
Big Sky,9,12,3,3,0
Big South,11,11,0,1,1
Big Ten,11,14,3,3,0
Big 12,12,10,-2,2,4
Big West,9,9,0,1,1
Colonial,12,10,-2,2,4
Conference USA,12,14,2,9,7
Great West,7,1,-6,0,6
Horizon,10,9,-1,1,2
Missouri Valley,10,10,0,1,1
MAAC,10,11,1,2,1
Mountain West,9,11,2,5,3
Northeast,12,10,-2,0,2
Ohio Valley,11,12,1,1,0
Pac-12,10,12,2,2,0
Patriot,8,10,2,2,0
Southern,12,10,-2,3,5
Southeastern,12,14,2,2,0
Southland,12,14,2,5,3
Sun Belt,12,11,-1,5,6
The Summit,10,8,-2,2,4
West Coast,8,10,2,2,0
Western,9,8,-1,11,12

```
Which 'Conference' has the second from the bottom value in the 'Old membership total' column ?

Return only the value, with no additional words, punctuation, or explanation.
If you are unsure, return the most likely value from your knowledge; do not guess or make something up."
https://en.wikipedia.org/wiki/2010_Champions_Tour,Purse (US$),1700000,"['Allianz Championship', 'Toshiba Classic', 'Outback Steakhouse Pro-Am', 'Regions Charity Classic', ""Dick's Sporting Goods Open"", 'Administaff Small Business Classic']",-1,"Based on the following table: 
Winners and details of tournaments in the 2010 Champions Tour season.
```
Date,Tournament,Location,Purse (US$),Winner
Jan 24,Mitsubishi Electric Championship at Hualalai,Hawaii,1800000,Tom Watson
Feb 14,ACE Group Classic,Florida,1600000,Fred Couples
Feb 21,Allianz Championship,Florida,1700000,Bernhard Langer
Mar 07,Toshiba Classic,California,1700000,Fred Couples
Mar 28,Cap Cana Championship,Dominican Republic,1600000,Fred Couples
Apr 18,Outback Steakhouse Pro-Am,Florida,1700000,Bernhard Langer
Apr 25,Liberty Mutual Legends of Golf,Georgia,2700000,Mark O'Meara  and  Nick Price
May 02,Mississippi Gulf Resort Classic,Mississippi,1600000,David Eger
May 16,Regions Charity Classic,Alabama,1700000,Dan Forsman
May 30,Senior PGA Championship,Colorado,2000000,Tom Lehman
Jun 06,Principal Charity Classic,Iowa,1725000,Nick Price
Jun 27,Dick's Sporting Goods Open,New York,1700000,Loren Roberts
Jul 04,Montreal Championship,Canada,1800000,Larry Mize
Jul 25,The Senior Open Championship,Scotland,2000000,Bernhard Langer
Aug 01,U.S. Senior Open,Washington,2600000,Bernhard Langer
Aug 08,3M Championship,Minnesota,1750000,David Frost
Aug 22,JELD-WEN Tradition,Oregon,2600000,Fred Funk
Aug 29,Boeing Classic,Washington,1900000,Bernhard Langer
Sep 05,Home Care & Hospice First Tee Open at Pebble Beach,California,1800000,Ted Schulz
Sep 12,Posco E&C Songdo Championship,South Korea,3000000,Russ Cochran
Sep 26,SAS Championship,North Carolina,2100000,Russ Cochran
Oct 03,Ensure Classic at Rock Barn,North Carolina,1750000,Gary Hallberg
Oct 10,Constellation Energy Senior Players Championship,Maryland,2700000,Mark O'Meara
Oct 24,Administaff Small Business Classic,Texas,1700000,Fred Couples
Oct 31,AT&T Championship,Texas,1750000,Rod Spittle
Nov 07,Charles Schwab Cup Championship,California,2500000,John Cook

```
Which 'Tournament' has the second from the bottom value in the 'Purse (US$)' column ?

Return only the value, with no additional words, punctuation, or explanation.
If you are unsure, return the most likely value from your knowledge; do not guess or make something up."
https://en.wikipedia.org/wiki/2011%E2%80%9312_South_African_Premiership,Capacity,10000,['Golden Arrows'],-1,"Based on the following table: 
Home venues, training locations, provinces, and stadium capacities of teams in the 2011–12 South African Premiership.
```
Team,Location of training field,Province,Home venue,Capacity
Ajax Cape Town,Cape Town,Western Cape,Cape Town Stadium,55000
AmaZulu,Durban,Kwazulu-Natal,Moses Mabhida Stadium,54000
Bidvest Wits,Johannesburg,Gauteng,Bidvest Stadium,5000
Black Leopards,Polokwane,Limpopo,Peter Mokaba Stadium,45000
Bloemfontein Celtic,Bloemfontein,Free State,Seisa Ramabodu Stadium,20000
Free State Stars,Phuthaditjhaba,Free State,Charles Mopeli Stadium,35000
Golden Arrows,Umlazi,Kwazulu-Natal,King Zwelithini Stadium,10000
Jomo Cosmos,Johannesburg,Gauteng,Makhulong Stadium,15000
Kaizer Chiefs,Johannesburg,Gauteng,FNB Stadium,94700
Mamelodi Sundowns,Pretoria,Gauteng,Loftus Versfeld Stadium,52000
Maritzburg United,Pietermaritzburg,Kwazulu-Natal,Harry Gwala Stadium,10700
Moroka Swallows,Johannesburg,Gauteng,Dobsonville Stadium,24000
Orlando Pirates,Johannesburg,Gauteng,Orlando Stadium,36400
Platinum Stars,Rustenburg,North West,Royal Bafokeng Stadium,45000
Santos,Cape Town,Western Cape,Athlone Stadium,25000
Supersport United,Pretoria,Gauteng,Lucas Moripe Stadium,28900

```
Which 'Team' has the second from the bottom value in the 'Capacity' column ?

Return only the value, with no additional words, punctuation, or explanation.
If you are unsure, return the most likely value from your knowledge; do not guess or make something up."
https://en.wikipedia.org/wiki/2011_Alps_Tour,Points,13953,['Jason Kelly'],-1,"Based on the following table: 
Top 10 players and their earned statuses in the 2011 Alps Tour.
```
Position,Player,Points,Status earned
1,Guillaume Cambis,30124,Qualified for European Tour
2,Jason Barnes,29401,Promoted to Challenge Tour
3,Chris Paisley,28209,Finished in Top 80 of Challenge Tour Rankings
4,Marco Crespi,24736,Promoted to Challenge Tour
5,Scott Henry,21818,Promoted to Challenge Tour
6,Farren Keenan,18393,Promoted to Challenge Tour
7,Romain Schneider,17277,Promoted to Challenge Tour
8,Xavier Poncelet,17085,
9,Jason Kelly,13953,
10,Jordan Gibb,13698,Qualified for Challenge Tour

```
Which 'Player' has the second from the bottom value in the 'Points' column ?

Return only the value, with no additional words, punctuation, or explanation.
If you are unsure, return the most likely value from your knowledge; do not guess or make something up."
https://en.wikipedia.org/wiki/2011_Big_Easy_Tour,Purse (R),100000,['Big Easy Tour Championship'],-1,"Based on the following table: 
Winners and details of tournaments in the 2011 Big Easy Tour golf season.
```
Date,Tournament,Location,Purse (R),Winner
25 Mar,Crown Mines,Gauteng,100000,Bryce Easton
14 Apr,Irene Country Club,Gauteng,100000,Tyrone Ryan
13 May,Observatory Golf Club,Gauteng,100000,Derick Petersen
15 Jun,Glendower Golf Club,Gauteng,100000,Albert Pistorius
24 Jun,Kempton Park Golf Club,Gauteng,100000,Dean O'Riley
06 Jul,ERPM Golf Club,Gauteng,100000,Thabang Simon
22 Jul,Maccauvlei Golf Club,Gauteng,100000,Divan Gerber
03 Aug,Houghton Golf Club,Gauteng,100000,Callie Swart
19 Aug,Benoni Country Club,Gauteng,100000,Lyle Rowe
09 Sep,Modderfontein Golf Club,Gauteng,100000,Morne Buys
30 Sep,Big Easy Tour Championship,Gauteng,250000,Louis Calitz

```
Which 'Tournament' has the second from the bottom value in the 'Purse (R)' column ?

Return only the value, with no additional words, punctuation, or explanation.
If you are unsure, return the most likely value from your knowledge; do not guess or make something up."
https://en.wikipedia.org/wiki/2011_Challenge_Trophy,Place,Yukon Selects SC,['ICST Pegasus'],0,"Based on the following table: 
Teams and their final rankings in the 2011 Challenge Trophy by province or territory.
```
Place,Team,Province or Territories
1.0,HUSA Alumni,Saskatchewan
2.0,ICST Pegasus,British Columbia
3.0,Toronto Celtic,Ontario
4.0,Holy Cross,Newfoundland & Labrador
5.0,Suburban FC,Nova Scotia
6.0,Griffons du CS Mont-Royal Outremont,Quebec
7.0,Edmonton Green & Gold,Alberta
8.0,Sherwood Park Rangers,Prince Edward Island
9.0,Winnipeg Juventus,Manitoba
10.0,Fredericton Picaroon Reds,New Brunswick
11.0,Yellowknife FC,Northwest Territories
12.0,Yukon Selects SC,Yukon

```
Which 'Team' has the second from the bottom value in the 'Place' column ?

Return only the value, with no additional words, punctuation, or explanation.
If you are unsure, return the most likely value from your knowledge; do not guess or make something up."
https://en.wikipedia.org/wiki/2011_Champions_Tour,Purse (US$),1600000,"['Toshiba Classic', 'Outback Steakhouse Pro-Am', 'Insperity Championship']",-1,"Based on the following table: 
Winners and details of tournaments in the 2011 Champions Tour season.
```
Date,Tournament,Location,Purse (US$),Winner
Jan 23,Mitsubishi Electric Championship at Hualalai,Hawaii,1800000,John Cook
Feb 13,Allianz Championship,Florida,1800000,Tom Lehman
Feb 20,ACE Group Classic,Florida,1600000,Bernhard Langer
Mar 13,Toshiba Classic,California,1700000,Nick Price
Apr 03,Mississippi Gulf Resort Classic,Mississippi,1600000,Tom Lehman
Apr 17,Outback Steakhouse Pro-Am,Florida,1700000,John Cook
Apr 24,Liberty Mutual Legends of Golf,Georgia,2700000,David Eger  and  Mark McNulty
May 08,Regions Tradition,Alabama,2200000,Tom Lehman
May 29,Senior PGA Championship,Kentucky,2000000,Tom Watson
Jun 05,Principal Charity Classic,Iowa,1725000,Bob Gilder
Jun 12,Greater Hickory Classic at Rock Barn,North Carolina,1750000,Mark Wiebe
Jun 26,Dick's Sporting Goods Open,New York,1750000,John Huston
Jul 03,Montreal Championship,Canada,1800000,John Cook
Jul 10,Nature Valley First Tee Open at Pebble Beach,California,1600000,Jeff Sluman
Jul 24,The Senior Open Championship,England,2000000,Russ Cochran
Jul 31,U.S. Senior Open,Ohio,2600000,Olin Browne
Aug 07,3M Championship,Minnesota,1750000,Jay Haas
Aug 21,Constellation Energy Senior Players Championship,New York,2700000,Fred Couples
Aug 28,Boeing Classic,Washington,2000000,Mark Calcavecchia
Sep 18,Songdo IBD Championship,South Korea,3000000,Jay Don Blake
Oct 02,SAS Championship,North Carolina,2100000,Kenny Perry
Oct 09,Insperity Championship,Texas,1700000,Brad Faxon
Oct 16,AT&T Championship,Texas,1800000,Fred Couples
Nov 06,Charles Schwab Cup Championship,California,2500000,Jay Don Blake

```
Which 'Tournament' has the second from the bottom value in the 'Purse (US$)' column ?

Return only the value, with no additional words, punctuation, or explanation.
If you are unsure, return the most likely value from your knowledge; do not guess or make something up."
https://en.wikipedia.org/wiki/2011_Korean_Tour,OWGR points,6.0,['GS Caltex Maekyung Open'],-1,"Based on the following table: 
Tournaments, locations, prize purses, winners, and OWGR points from the 2011 Korean Tour golf season.
```
Date,Tournament,Location,Purse,Winner,OWGR points
03 Apr,Twayair Open,Jeju,300000000,Andrew Tschudin,6.0
01 May,Ballantine's Championship,Gyeonggi,""€2,205,000"",Lee Westwood,42.0
08 May,GS Caltex Maekyung Open,Gyeonggi,1000000000,Kim Kyung-tae,10.0
15 May,Volvik Gunsan CC Open,North Jeolla,300000000,Lee Seong-ho,6.0
22 May,SK Telecom Open,Jeju,900000000,Kurt Barnes,14.0
29 May,Lake Hills Open,South Gyeongsang,300000000,Choi Ho-sung,6.0
05 Jun,Subaru Classic,Gyeonggi,500000000,Hong Soon-sang,6.0
26 Jun,Dongbu Insurance Promy Open,Gangwon,300000000,Kang Kyung-nam,6.0
10 Jul,Charity High 1 Resort Open,Gangwon,,Abandoned,
07 Aug,Johnnie Walker Open,Jeju,300000000,Park Do-kyu,6.0
28 Aug,Daishin Securities KPGA Championship,Gyeonggi,500000000,Kim Byung-jun,6.0
25 Sep,Munsingwear Championship,Gyeonggi,400000000,Hong Soon-sang,6.0
02 Oct,Shinhan Donghae Open,Gyeonggi,1000000000,Paul Casey,20.0
09 Oct,Kolon Korea Open,South Chungcheong,1000000000,Rickie Fowler,26.0
16 Oct,Meritz Solmoro Open,Gyeonggi,500000000,Kang Kyung-nam,6.0
23 Oct,CJ Invitational,Gyeonggi,""US$750,000"",K. J. Choi,22.0
30 Oct,NH Open,Gyeonggi,500000000,Lee Sang-hee,6.0

```
Which 'Tournament' has the second from the bottom value in the 'OWGR points' column ?

Return only the value, with no additional words, punctuation, or explanation.
If you are unsure, return the most likely value from your knowledge; do not guess or make something up."
https://en.wikipedia.org/wiki/2011_LSU_vs._Alabama_football_game,Year,Kenny Hilliard,"['Barkevious Mingo', 'Dee Milliner', 'Chance Warmack', 'D. J. Fluker', 'Eric Reid', 'Kevin Minter', 'Eddie Lacy', 'Bennie Logan', 'Tyrann Mathieu', 'Sam Montgomery', 'Nico Johnson', 'Barrett Jones', 'Jesse Williams', 'Tharold Simon', 'Lavar Edwards', 'Quinton Dial', 'Spencer Ware', 'Michael Williams']",0,"Based on the following table: 
Players from LSU and Alabama in the 2011 football game and their subsequent NFL draft details.
```
Year,Round,Overall,Player name,College,Position,Drafted by
2012,1,3,Trent Richardson,Alabama,Running back,Cleveland Browns
2012,1,6,Morris Claiborne,LSU,Cornerback,Dallas Cowboys
2012,1,7,Mark Barron,Alabama,Safety,Tampa Bay Buccaneers
2012,1,14,Michael Brockers,LSU,Defensive tackle,St. Louis Rams
2012,1,17,Dre Kirkpatrick,Alabama,Cornerback,Cincinnati Bengals
2012,1,25,Dont'a Hightower,Alabama,Linebacker,New England Patriots
2012,2,35,Courtney Upshaw,Alabama,Linebacker,Baltimore Ravens
2012,2,63,Rueben Randle,LSU,Wide receiver,New York Giants
2012,3,73,Brandon Taylor,LSU,Safety,San Diego Chargers
2012,4,124,Ron Brooks,LSU,Cornerback,Buffalo Bills
2012,5,136,Josh Chapman,Alabama,Defensive tackle,Indianapolis Colts
2012,5,146,DeQuan Menzie,Alabama,Cornerback,Kansas City Chiefs
2012,7,247,Brad Smelley,Alabama,Tight end,Cleveland Browns
2013,1,6,Barkevious Mingo,LSU,Defensive end,Cleveland Browns
2013,1,9,Dee Milliner,Alabama,Cornerback,New York Jets
2013,1,10,Chance Warmack,Alabama,Guard,Tennessee Titans
2013,1,11,D. J. Fluker,Alabama,Offensive tackle,San Diego Chargers
2013,1,18,Eric Reid,LSU,Safety,San Francisco 49ers
2013,2,45,Kevin Minter,LSU,Linebacker,Arizona Cardinals
2013,2,61,Eddie Lacy,Alabama,Running back,Green Bay Packers
2013,3,67,Bennie Logan,LSU,Defensive tackle,Philadelphia Eagles
2013,3,69,Tyrann Mathieu,LSU,Cornerback,Arizona Cardinals
2013,3,95,Sam Montgomery,LSU,Defensive end,Houston Texans
2013,4,99,Nico Johnson,Alabama,Linebacker,Kansas City Chiefs
2013,4,113,Barrett Jones,Alabama,Center,St. Louis Rams
2013,5,137,Jesse Williams,Alabama,Defensive tackle,Seattle Seahawks
2013,5,138,Tharold Simon,LSU,Cornerback,Seattle Seahawks
2013,5,142,Lavar Edwards,LSU,Defensive end,Tennessee Titans
2013,5,157,Quinton Dial,Alabama,Defensive end,San Francisco 49ers
2013,6,194,Spencer Ware,LSU,Running back,Seattle Seahawks
2013,7,211,Michael Williams,Alabama,Tight end,Detroit Lions
2014,1,12,Odell Beckham Jr.,LSU,Wide receiver,New York Giants
2014,1,17,C. J. Mosley,Alabama,Linebacker,Baltimore Ravens
2014,1,21,Ha Ha Clinton-Dix,Alabama,Safety,Green Bay Packers
2014,2,51,Ego Ferguson,LSU,Defensive tackle,Chicago Bears
2014,2,63,Jarvis Landry,LSU,Wide receiver,Miami Dolphins
2014,4,123,Kevin Norwood,Alabama,Wide receiver,Seattle Seahawks
2014,5,156,Lamin Barrow,LSU,Linebacker,Denver Broncos
2014,5,160,Ed Stinson,Alabama,Defensive end,Arizona Cardinals
2014,5,164,A. J. McCarron,Alabama,Quarterback,Cincinnati Bengals
2014,5,167,Vinnie Sunseri,Alabama,Safety,New Orleans Saints
2014,6,181,Alfred Blue,LSU,Running back,Houston Texans
2015,4,108,Jalston Fowler,Alabama,Running back,Tennessee Titans
2015,7,235,Kenny Hilliard,LSU,Running back,Houston Texans
2015,7,253,Xzavier Dickson,Alabama,Linebacker,New England Patriots

```
Which 'Player name' has the second from the bottom value in the 'Year' column ?

Return only the value, with no additional words, punctuation, or explanation.
If you are unsure, return the most likely value from your knowledge; do not guess or make something up."
https://en.wikipedia.org/wiki/2012%E2%80%9313_South_African_Premiership,Capacity,10000,['Tuks FC'],-1,"Based on the following table: 
Training locations, provinces, home venues, and stadium capacities of teams in the 2012–13 South African Premiership.
```
Team,Location of training field,Province,Home venue,Capacity
Ajax Cape Town,Cape Town,Western Cape,Cape Town Stadium,55000
AmaZulu,Durban,Kwazulu-Natal,Moses Mabhida Stadium,54000
Bidvest Wits,Johannesburg,Gauteng,Bidvest Stadium,5000
Black Leopards,Polokwane,Limpopo,Peter Mokaba Stadium,45000
Bloemfontein Celtic,Bloemfontein,Free State,Seisa Ramabodu Stadium,20000
Chippa United,Nyanga,Western Cape,Philippi Stadium1,10000
Free State Stars,Bethlehem,Free State,Charles Mopeli Stadium,35000
Golden Arrows,Umlazi,Kwazulu-Natal,King Zwelithini Stadium,10000
Kaizer Chiefs,Johannesburg,Gauteng,FNB Stadium,94700
Mamelodi Sundowns,Chloorkop,Gauteng,Loftus Versfeld Stadium,52000
Maritzburg United,Pietermaritzburg,Kwazulu-Natal,Harry Gwala Stadium,10700
Moroka Swallows,Johannesburg,Gauteng,Dobsonville Stadium,24000
Orlando Pirates,Johannesburg,Gauteng,Orlando Stadium,36400
Platinum Stars,Rustenburg,North West,Royal Bafokeng Stadium,45000
Supersport United,Pretoria,Gauteng,Lucas Moripe Stadium,28900
Tuks FC,Pretoria,Gauteng,Tuks Stadium,8000

```
Which 'Team' has the second from the bottom value in the 'Capacity' column ?

Return only the value, with no additional words, punctuation, or explanation.
If you are unsure, return the most likely value from your knowledge; do not guess or make something up."
https://en.wikipedia.org/wiki/2012_Big_Easy_Tour,Purse (R),100000,['Big Easy Tour Championship'],-1,"Based on the following table: 
Winners and details of tournaments in the 2012 Big Easy Tour golf season.
```
Date,Tournament,Location,Purse (R),Winner
07 Mar,Houghton,Gauteng,100000,Toto Thimba Jr.
28 Mar,Observatory,Gauteng,100000,Ryan Cairns
13 Apr,Modderfontein,Gauteng,100000,Johan Bekker
11 May,Kempton Park,Gauteng,100000,Jeff Inglis
25 May,ERPM,Gauteng,100000,Riekus Nortje
22 Jun,Benoni CC,Gauteng,100000,Riekus Nortje
18 Jul,Royal J & K,Gauteng,100000,Jared Harvey
03 Aug,Gary Player CC,North West,100000,Jared Harvey
08 Aug,Maccauvlei,Gauteng,100000,Jeff Inglis
15 Aug,Irene,Gauteng,100000,Riekus Nortje
31 Aug,Glendower,Gauteng,100000,Rudy Whitfield
21 Sep,Big Easy Tour Championship,Gauteng,250000,Mark Williams

```
Which 'Tournament' has the second from the bottom value in the 'Purse (R)' column ?

Return only the value, with no additional words, punctuation, or explanation.
If you are unsure, return the most likely value from your knowledge; do not guess or make something up."
https://en.wikipedia.org/wiki/2012_Champions_Tour,Purse (US$),1600000,"['Insperity Championship', 'Nature Valley First Tee Open at Pebble Beach']",-1,"Based on the following table: 
Winners and key details of tournaments in the 2012 Champions Tour season.
```
Date,Tournament,Location,Purse (US$),Winner
Jan 22,Mitsubishi Electric Championship at Hualalai,Hawaii,1800000,Dan Forsman
Feb 12,Allianz Championship,Florida,1800000,Corey Pavin
Feb 19,ACE Group Classic,Florida,1600000,Kenny Perry
Mar 18,Toshiba Classic,California,1750000,Loren Roberts
Mar 25,Mississippi Gulf Resort Classic,Mississippi,1600000,Fred Couples
Apr 15,Encompass Insurance Pro-Am of Tampa Bay,Florida,1600000,Michael Allen
Apr 22,Liberty Mutual Insurance Legends of Golf,Georgia,2700000,Michael Allen  and  David Frost
May 06,Insperity Championship,Texas,1700000,Fred Funk
May 27,Senior PGA Championship,Michigan,2000000,Roger Chapman
Jun 03,Principal Charity Classic,Iowa,1750000,Jay Haas
Jun 10,Regions Tradition,Alabama,2200000,Tom Lehman
Jun 24,Montreal Championship,Canada,1800000,Mark Calcavecchia
Jul 01,Constellation Senior Players Championship,Pennsylvania,2700000,Joe Daley
Jul 08,Nature Valley First Tee Open at Pebble Beach,California,1700000,Kirk Triplett
Jul 15,U.S. Senior Open,Michigan,2600000,Roger Chapman
Jul 29,The Senior Open Championship,Scotland,2000000,Fred Couples
Aug 05,3M Championship,Minnesota,1750000,Bernhard Langer
Aug 19,Dick's Sporting Goods Open,New York,1800000,Willie Wood
Aug 26,Boeing Classic,Washington,2000000,Jay Don Blake
Sep 16,Pacific Links Hawai'i Championship,Hawaii,1800000,Willie Wood
Oct 07,SAS Championship,North Carolina,2100000,Bernhard Langer
Oct 14,Greater Hickory Classic at Rock Barn,North Carolina,1600000,Fred Funk
Oct 28,AT&T Championship,Texas,1850000,David Frost
Nov 04,Charles Schwab Cup Championship,Arizona,2500000,Tom Lehman

```
Which 'Tournament' has the second from the bottom value in the 'Purse (US$)' column ?

Return only the value, with no additional words, punctuation, or explanation.
If you are unsure, return the most likely value from your knowledge; do not guess or make something up."
https://en.wikipedia.org/wiki/2012_Nordic_Golf_League,Points,22504,['Gustav Adell'],-1,"Based on the following table: 
Top 10 players and their points standings in the 2012 Nordic Golf League.
```
Position,Player,Points,Status earned
1,Lucas Bjerregaard,52260,Promoted to Challenge Tour
2,Johan Carlsson,41786,Promoted to Challenge Tour
3,Jens Fahrbring,35275,Promoted to Challenge Tour
4,Pontus Leijon,29205,Promoted to Challenge Tour
5,Jacob Glennemo,29141,Qualified for Challenge Tour
6,David Palm,23492,Promoted to Challenge Tour
7,Niclas Johansson,23434,
8,Jeff Winther,22553,
9,Gustav Adell,22504,
10,Victor Hielte,19229,

```
Which 'Player' has the second from the bottom value in the 'Points' column ?

Return only the value, with no additional words, punctuation, or explanation.
If you are unsure, return the most likely value from your knowledge; do not guess or make something up."
https://en.wikipedia.org/wiki/2012_St._Louis_Cardinals_season,Pct.,0.169,['Trailing after 7 innings'],-1,"Based on the following table: 
""Situational win-loss records and percentages for the 2012 St. Louis Cardinals""
```
Situation,W-L Record,Pct.
Home,50-31,0.617
Away,38-43,0.469
Scoring first,58-26,0.687
Opponent scores first,30-48,0.385
Scoring more than 3 runs,76-19,0.8
Scoring 3 runs,7-16,0.304
Scoring fewer than 3 runs,5-39,0.114
Leading after 7 innings,78-5,0.94
Tied after 7 innings,5-12,0.294
Trailing after 7 innings,5-57,0.081
Leading after 8 innings,80-6,0.93
Tied after 8 innings,4-10,0.286
Trailing after 8 innings,4-58,0.065
In errorless games,52-35,0.598
In error-made games,36-39,0.48
Out-hit opponents,73-13,0.849
Same hits as opponents,4-7,0.364
Out-hit by opponents,11-54,0.169
Extra innings,6-12,0.333
Shutouts,10-11,0.476
One-run games,21-26,0.447
One or Two-run games,28-43,0.394
Monday games,13-4,0.765
Tuesday games,14-11,0.56
Wednesday games,17-9,0.654
Thursday games,8-8,0.5
Friday games,9-17,0.346
Saturday games,12-14,0.462
Sunday games,15-11,0.577

```
Which 'Situation' has the second from the bottom value in the 'Pct.' column ?

Return only the value, with no additional words, punctuation, or explanation.
If you are unsure, return the most likely value from your knowledge; do not guess or make something up."
https://en.wikipedia.org/wiki/2012_Web.com_Tour,Purse (US$),500000,"['Panama Claro Championship', 'Stadion Classic at UGA', 'Rex Hospital Open', 'United Leasing Championship', 'Utah Championship', 'Midwest Classic', 'WNB Golf Classic', 'Chiquita Classic']",-1,"Based on the following table: 
Schedule and results of tournaments in the 2012 Web.com Tour season.
```
Date,Tournament,Location,Purse (US$),Winner,OWGR points
Feb 19,Pacific Rubiales Colombia Championship,Colombia,600000,Skip Kendall,14
Mar 04,Panama Claro Championship,Panama,550000,Edward Loar,14
Mar 11,Chile Classic,Chile,600000,Paul Haley II,14
Mar 25,Chitimacha Louisiana Open,Louisiana,500000,Casey Wittenberg,14
Apr 08,Soboba Golf Classic,California,750000,Andres Gonzales,14
Apr 15,TPC Stonebrae Championship,California,600000,Alex Aragon,14
Apr 29,South Georgia Classic,Georgia,625000,Luke List,14
May 06,Stadion Classic at UGA,Georgia,550000,Hudson Swafford,14
May 20,BMW Charity Pro-Am,South Carolina,600000,Nick Flanagan,14
Jun 03,Rex Hospital Open,North Carolina,550000,James Hahn,14
Jun 10,Mexico Open,Mexico,625000,Lee Williams,14
Jun 24,Preferred Health Systems Wichita Open,Kansas,600000,Casey Wittenberg,14
Jul 01,United Leasing Championship,Indiana,550000,Peter Tomasulo,14
Jul 15,Utah Championship,Utah,550000,Doug LaBelle II,14
Jul 29,Nationwide Children's Hospital Invitational,Ohio,800000,Ben Kohles,14
Aug 05,Cox Classic,Nebraska,650000,Ben Kohles,14
Aug 12,Price Cutter Charity Championship,Missouri,625000,Chris Wilson,14
Aug 19,Midwest Classic,Kansas,550000,Shawn Stefani,14
Aug 26,News Sentinel Open,Tennessee,500000,Darron Stiles,14
Sep 02,Mylan Classic,Pennsylvania,600000,Robert Streb,14
Sep 16,Albertsons Boise Open,Idaho,725000,Luke Guthrie,14
Sep 23,WNB Golf Classic,Texas,550000,Luke Guthrie,14
Sep 30,Chiquita Classic,North Carolina,550000,Russell Henley,14
Oct 07,Neediest Kids Championship,Maryland,600000,David Lingmerth,14
Oct 14,Miccosukee Championship,Florida,600000,Shawn Stefani,14
Oct 21,Winn-Dixie Jacksonville Open,Florida,600000,Russell Henley,14
Oct 28,Web.com Tour Championship,Texas,1000000,Justin Bolli,20

```
Which 'Tournament' has the second from the bottom value in the 'Purse (US$)' column ?

Return only the value, with no additional words, punctuation, or explanation.
If you are unsure, return the most likely value from your knowledge; do not guess or make something up."
https://en.wikipedia.org/wiki/2012_Zimbabwe_Premier_Soccer_League,Capacity,3000,['FC Platinum'],-1,"Based on the following table: 
Home venues and capacities of teams in the 2012 Zimbabwe Premier Soccer League.
```
Team,City,Home venue,Capacity
Black Mambas,Harare,Morris Depot Police Camp,5000
Blue Rangers,Harare,Gwanzura Stadium,10000
Buffaloes,Mutare,Sakubva Stadium,10000
CAPS United,Harare,National Sports Stadium,60000
Chicken Inn,Bulawayo,Luveve Stadium,8000
Dynamos,Harare,Rufaro Stadium,35000
FC Platinum,Zvishavane,Mandava Stadium,3000
Gunners,Mabvuku,Lafarge Stadium,10000
Harare City,Harare,Rufaro Stadium,35000
Hardbody,Gweru,Ascot Stadium,5000
Highlanders,Bulawayo,Barbourfields Stadium,32000
Hwange,Hwange,Colliery Stadium,15000
Monomotapa United,Harare,Gwanzura Stadium,10000
Motor Action,Harare,Motor Action Sports Club,1000
Quelaton,Bulawayo,Luveve Stadium,8000
Shabanie Mine,Zvishavane,Maglas Stadium,5000

```
Which 'Team' has the second from the bottom value in the 'Capacity' column ?

Return only the value, with no additional words, punctuation, or explanation.
If you are unsure, return the most likely value from your knowledge; do not guess or make something up."
https://en.wikipedia.org/wiki/2013%E2%80%9314_South_African_Premiership,Capacity,10000,['Tuks FC'],-1,"Based on the following table: 
Home venues, locations, provinces, and stadium capacities of teams in the 2013–14 South African Premiership.
```
Team,Location of training field,Province,Home venue,Capacity
Ajax Cape Town,Cape Town,Western Cape,Cape Town Stadium,55000
AmaZulu,Durban,Kwazulu-Natal,Moses Mabhida Stadium,54000
Bidvest Wits,Johannesburg,Gauteng,Bidvest Stadium,5000
Bloemfontein Celtic,Bloemfontein,Free State,Seisa Ramabodu Stadium,20000
Free State Stars,Bethlehem,Free State,Charles Mopeli Stadium,35000
Golden Arrows,Umlazi,Kwazulu-Natal,King Zwelithini Stadium,10000
Kaizer Chiefs,""Naturena, Johannesburg"",Gauteng,FNB Stadium,94700
Mamelodi Sundowns,Chloorkop,Gauteng,Loftus Versfeld Stadium,52000
Maritzburg United,Pietermaritzburg,Kwazulu-Natal,Harry Gwala Stadium,10700
Moroka Swallows,Johannesburg,Gauteng,Dobsonville Stadium,24000
Mpumalanga Black Aces,""Linksfield, Johannesburg"",Gauteng,Mbombela Stadium,40900
Orlando Pirates,Johannesburg,Gauteng,Orlando Stadium,36400
Platinum Stars,Rustenburg,North West,Royal Bafokeng Stadium,45000
Polokwane City,Polokwane,Limpopo,Peter Mokaba Stadium,41733
Supersport United,""Groenkloof Campus, Pretoria"",Gauteng,Lucas Moripe Stadium,28900
Tuks FC,Pretoria,Gauteng,Tuks Stadium,8000

```
Which 'Team' has the second from the bottom value in the 'Capacity' column ?

Return only the value, with no additional words, punctuation, or explanation.
If you are unsure, return the most likely value from your knowledge; do not guess or make something up."
https://en.wikipedia.org/wiki/2013%E2%80%9314_Ukrainian_First_League,Capacity,700,['Olimpik Donetsk'],-1,"Based on the following table: 
Stadiums, capacities, and clubs of teams in the 2013–14 Ukrainian First League.
```
Rank,Stadium,Capacity,Club
1,""Yuvileiny Stadium, Sumy"",25800,FC Sumy
2,""Central City Stadium, Mykolaiv"",16700,MFC Mykolaiv
3,""Zirka Stadium, Kirovohrad"",13667,Zirka Kirovohrad
4,""City Stadium, Ternopil"",12750,Nyva Ternopil
5,""Yuri Gagarin Stadium, Chernihiv"",12060,Desna Chernihiv
6,""Bukovyna Stadium, Chernivtsi"",12000,Bukovyna Chernivtsi
7,""Stal Stadium, Alchevsk"",9200,Stal Alchevsk
8,""CSC Nika Stadium, Oleksandria"",7000,PFC Oleksandriya
8,""CSC Nika Stadium, Oleksandria"",7000,UkrAhroKom Holovkivka
8,""CSC Nika Stadium, Oleksandria"",7000,Zirka Kirovohrad
9,""Naftovyk Stadium, Okhtyrka"",5256,Naftovyk-Ukrnafta Okhtyrka
10,""Sonyachny Stadium, Kharkiv"",4924,Helios Kharkiv
11,""Prapor Stadium, Kramatorsk"",4000,Avanhard Kramatorsk
12,""Khimik Stadium, Armyansk"",3450,Tytan Armyansk
13,""Sports Complex Olimpik, Donetsk"",3000,Olimpik Donetsk
14,""Lokomotiv Stadium, Poltava"",2500,FC Poltava
14,""Lokomotiv Stadium, Poltava"",2500,Avanhard Kramatorsk
15,""Helios Arena, Kharkiv"",2057,Helios Kharkiv
16,""Stadium Educational Training Base Center FC Poltava, Kopyly Poltava Oblast"",1500,FC Poltava
17,""Mashynobudivnyk Stadium, Karlivka"",1300,FC Poltava
17,""Mashynobudivnyk Stadium, Karlivka"",1300,Helios Kharkiv
17,""Mashynobudivnyk Stadium, Karlivka"",1300,Stal Alchevsk
18,""Dynamo Training Center, Kyiv"",1200,Dynamo-2 Kyiv
19,""Enerhiya Stadium, Berdyansk"",700,Olimpik Donetsk
20,""Holovkivskyy Stadium, Holovkivka"",580,UkrAhroKom Holovkivka
20,""Holovkivskyy Stadium, Holovkivka"",580,Zirka Kirovohrad

```
Which 'Club' has the second from the bottom value in the 'Capacity' column ?

Return only the value, with no additional words, punctuation, or explanation.
If you are unsure, return the most likely value from your knowledge; do not guess or make something up."
https://en.wikipedia.org/wiki/2013_Australian_Carrera_Cup_Championship,Pts.,90.0,['Gavin Bullas'],-1,"Based on the following table: 
Final standings of drivers in the 2013 Australian Carrera Cup Championship.
```
Pos.,Driver,Pts.
1,Max Twigg,988.0
2,Damien Flack,926.0
3,Shane Smollen,768.0
4,Stephen Grove,607.0
5,Tony Walls,575.5
6,Tony Bates,534.0
7,James Bergmuller,524.5
8,Paul Kelly,506.0
9,James Koundouris,498.0
10,Marc Cini,479.5
11,Michael Loccisano,416.0
12,Adam Gowans,294.0
13,Rusty French,108.0
14,Gavin Bullas,90.0
15,Martin Wagg,84.0

```
Which 'Driver' has the second from the bottom value in the 'Pts.' column ?

Return only the value, with no additional words, punctuation, or explanation.
If you are unsure, return the most likely value from your knowledge; do not guess or make something up."
https://en.wikipedia.org/wiki/2013_Big_Easy_Tour,Purse (R),100000,['Big Easy Tour Championship'],-1,"Based on the following table: 
Tournaments, locations, prize purses, and winners of the 2013 Big Easy Tour.
```
Date,Tournament,Location,Purse (R),Winner
10 Apr,Roodepoort CC,Gauteng,100000,Dylan Frittelli
24 Apr,Observatory GC,Gauteng,100000,Micky Hough
08 May,Centurion CC,Gauteng,100000,Toto Thimba Jr.
24 May,Kempton Park GC,Gauteng,100000,Jaco Prinsloo
07 Jun,Irene CC,Gauteng,100000,Anton Haig
19 Jun,Wingate CC,Gauteng,100000,Jeff Inglis
26 Jun,Houghton GC,Gauteng,100000,Attie Schwartzel
10 Jul,Benoni CC,Gauteng,100000,Kevin Stone
24 Jul,Royal J & K,Gauteng,100000,Morne Buys
14 Aug,The Els Club,Gauteng,100000,Jacques Kruyswijk
23 Aug,ERPM GC,Gauteng,100000,Dean O'Riley
25 Oct,Big Easy Tour Championship,Gauteng,250000,Divan Gerber

```
Which 'Tournament' has the second from the bottom value in the 'Purse (R)' column ?

Return only the value, with no additional words, punctuation, or explanation.
If you are unsure, return the most likely value from your knowledge; do not guess or make something up."
https://en.wikipedia.org/wiki/2013_MENA_Golf_Tour,Purse (US$),50000,['MENA Golf Tour Championship'],-1,"Based on the following table: 
Winners and details of tournaments in the 2013 MENA Golf Tour.
```
Date,Tournament,Host country,Purse (US$),Winner
14 Mar,Royal Golf Dar Es Salam Open,Morocco,50000,Zane Scotland
21 Mar,Royal D'Anfa Open,Morocco,50000,Stephen Dodd
25 Sep,Dubai Creek Open,UAE,50000,Zane Scotland
02 Oct,American Express Dirab Golf Championship,Saudi Arabia,50000,Mou Chung-hao
09 Oct,Shaikh Maktoum Dubai Open,UAE,50000,Zane Scotland
16 Oct,Ras Al Khaimah Classic,UAE,50000,Zane Scotland
23 Oct,Abu Dhabi Golf Citizen Open,UAE,50000,Stephen Dodd
30 Oct,Qatar Classic,Qatar,50000,Lee Corfield
06 Nov,Ghala Valley,Oman,50000,Sandro Piaget
13 Nov,MENA Golf Tour Championship,UAE,75000,Lee Corfield

```
Which 'Tournament' has the second from the bottom value in the 'Purse (US$)' column ?

Return only the value, with no additional words, punctuation, or explanation.
If you are unsure, return the most likely value from your knowledge; do not guess or make something up."
https://en.wikipedia.org/wiki/2013_PGA_Tour,Points,1313,['Phil Mickelson'],-1,"Based on the following table: 
Top 10 players and their earnings in the 2013 PGA Tour.
```
Position,Player,Points,Bonus money ($)
1,Henrik Stenson,4750,10000000
2,Tiger Woods,2743,3000000
3,Steve Stricker,2650,2000000
4,Adam Scott,2278,1500000
5,Zach Johnson,2238,1000000
6,Matt Kuchar,1823,800000
7,Jordan Spieth,1690,700000
8,Graham DeLaet,1415,600000
9,Phil Mickelson,1313,550000
10,Justin Rose,1300,500000

```
Which 'Player' has the second from the bottom value in the 'Points' column ?

Return only the value, with no additional words, punctuation, or explanation.
If you are unsure, return the most likely value from your knowledge; do not guess or make something up."
https://en.wikipedia.org/wiki/2013_Pro_Golf_Tour,Points,15451,['Fernand Osther'],-1,"Based on the following table: 
Top 10 players and their promotion status in the 2013 Pro Golf Tour rankings.
```
Position,Player,Points,Status earned
1,Florian Fritsch,29278,Promoted to Challenge Tour
2,Christopher Mivis,23989,Promoted to Challenge Tour
3,Robin Kind,22333,Promoted to Challenge Tour
4,Bernd Ritthammer,21596,Finished in Top 70 of Challenge Tour Rankings
5,David Law,18378,Promoted to Challenge Tour
6,Ken Benz,17492,Promoted to Challenge Tour
7,Richard Kind,16464,
8,Leo Astl,15569,
9,Fernand Osther,15451,
10,Anton Kirstein,15341,

```
Which 'Player' has the second from the bottom value in the 'Points' column ?

Return only the value, with no additional words, punctuation, or explanation.
If you are unsure, return the most likely value from your knowledge; do not guess or make something up."
https://en.wikipedia.org/wiki/2013_Q_School,Event 1,3,['Zak Surety'],-1,"Based on the following table: 
Top 10 players and their event results in the 2013 Q School.
```
Rank,Player,Event 1,Event 2,Event 3,Total
1,Adam Wicheard,14,8,18,40
2,Mitchell Travis,17,12,9,38
3,Gareth Green,16,2,17,35
4,Duane Jones,9,7,18,34
5,Sanderson Lam,13,10,10,33
6,Zak Surety,4,17,11,32
7,Ashley Carty,5,7,19,31
8,Antony Parsons,3,14,14,31
9,Darren Cook,13,2,15,30
10,Josh Boileau,11,6,13,30

```
Which 'Player' has the second from the bottom value in the 'Event 1' column ?

Return only the value, with no additional words, punctuation, or explanation.
If you are unsure, return the most likely value from your knowledge; do not guess or make something up."
https://en.wikipedia.org/wiki/2013_Zimbabwe_Premier_Soccer_League,Capacity,3000,"['FC Platinum', 'Triangle United F.C.']",-1,"Based on the following table: 
Home venues and capacities of teams in the 2013 Zimbabwe Premier Soccer League.
```
Team,City,Home venue,Capacity
Black Mambas,Harare,Morris Depot Police Camp,5000
Black Rhinos,Harare,Rufaro Stadium,35000
Buffaloes,Mutare,Sakubva Stadium,10000
CAPS United,Harare,National Sports Stadium,60000
Chicken Inn,Bulawayo,Luveve Stadium,8000
Dynamos,Harare,Rufaro Stadium,35000
FC Platinum,Zvishavane,Mandava Stadium,3000
Harare City,Harare,Rufaro Stadium,35000
Highlanders,Bulawayo,Barbourfields Stadium,32000
How Mine,Bulawayo,White City Stadium,20000
Hwange,Hwange,Colliery Stadium,15000
Monomotapa United,Harare,Gwanzura Stadium,10000
Motor Action,Harare,Motor Action Sports Club,1000
Shabanie Mine,Zvishavane,Maglas Stadium,5000
Triangle United F.C.,Chiredzi,Gibbo Stadium,3000
Triple B,Beitbridge,Dulibadzimu Stadium,4000

```
Which 'Team' has the second from the bottom value in the 'Capacity' column ?

Return only the value, with no additional words, punctuation, or explanation.
If you are unsure, return the most likely value from your knowledge; do not guess or make something up."
https://en.wikipedia.org/wiki/2014%E2%80%9315_PGA_Tour,Points,1123,['Danny Lee'],-1,"Based on the following table: 
Top 10 finishers in the 2014–15 PGA Tour with their FedEx Cup points and bonus earnings.
```
Position,Player,Points,Bonus money ($)
1,Jordan Spieth,3800,10000000
2,Henrik Stenson,2307,3000000
3,Jason Day,2290,2000000
4,Rickie Fowler,1838,1500000
5,Bubba Watson,1680,1000000
6,Zach Johnson,1450,800000
7,Dustin Johnson,1360,700000
8,Justin Rose,1235,600000
9,Danny Lee,1123,550000
10,Charley Hoffman,992,500000

```
Which 'Player' has the second from the bottom value in the 'Points' column ?

Return only the value, with no additional words, punctuation, or explanation.
If you are unsure, return the most likely value from your knowledge; do not guess or make something up."
https://en.wikipedia.org/wiki/2014%E2%80%9315_South_African_Premiership,Capacity,8000,['Tuks FC'],-1,"Based on the following table: 
Home venues and capacities of teams in the 2014–15 South African Premiership by province.
```
Team,Province,Home venue,Capacity
Ajax Cape Town,Western Cape,Cape Town Stadium,55000
AmaZulu,Kwazulu-Natal,Moses Mabhida Stadium,54000
Bidvest Wits,Gauteng,Bidvest Stadium,5000
Bloemfontein Celtic,Free State,Seisa Ramabodu Stadium,20000
Chippa United,Eastern Cape,Nelson Mandela Bay Stadium,49000
Free State Stars,Free State,Charles Mopeli Stadium,35000
Kaizer Chiefs,Gauteng,FNB Stadium,94700
Mamelodi Sundowns,Gauteng,Loftus Versfeld Stadium,52000
Maritzburg United,Kwazulu-Natal,Harry Gwala Stadium,10700
Moroka Swallows,Gauteng,Dobsonville Stadium,24000
Mpumalanga Black Aces,Mpumalanga,Mbombela Stadium,40900
Orlando Pirates,Gauteng,Orlando Stadium,36400
Platinum Stars,North West,Royal Bafokeng Stadium,45000
Polokwane City,Limpopo,Peter Mokaba Stadium,41733
Supersport United,Gauteng,Lucas Moripe Stadium,28900
Tuks FC,Gauteng,Tuks Stadium,8000

```
Which 'Team' has the second from the bottom value in the 'Capacity' column ?

Return only the value, with no additional words, punctuation, or explanation.
If you are unsure, return the most likely value from your knowledge; do not guess or make something up."
https://en.wikipedia.org/wiki/2014_PGA_Tour_Canada,Purse (C$),150000,[],-1,"Based on the following table: 
Tournaments, locations, winners, purses, and OWGR points from the 2014 PGA Tour Canada season.
```
Date,Tournament,Location,Purse (C$),Winner,OWGR points
Jun 01,PC Financial Open,British Columbia,150000,Joel Dahmen,6
Jun 08,Bayview Place Island Savings Open,British Columbia,150000,Josh Persons,6
Jun 22,Syncrude Boreal Open,Alberta,150000,Joel Dahmen,6
Jul 06,SIGA Dakota Dunes Open,Saskatchewan,150000,Matt Harmon,6
Jul 13,The Players Cup,Manitoba,150000,Tim Madigan,6
Jul 20,Staal Foundation Open,Ontario,150000,Wes Homan,6
Aug 03,ATB Financial Classic,Alberta,150000,Brock Mackenzie,6
Aug 10,Forces and Families Open,Ontario,150000,Greg Machtaler,6
Aug 24,Great Waterway Classic,Ontario,150000,David Bradshaw,6
Aug 31,Wildfire Invitational,Ontario,150000,Nate McCoy,6
Sep 07,Cape Breton Celtic Classic,Nova Scotia,150000,Mark Silvers,6
Sep 14,Tour Championship of Canada,Ontario,150000,Ryan Williams,6

```
Which 'Tournament' has the second from the bottom value in the 'Purse (C$)' column ?

Return only the value, with no additional words, punctuation, or explanation.
If you are unsure, return the most likely value from your knowledge; do not guess or make something up."
https://en.wikipedia.org/wiki/2014_Pro_Golf_Tour,Points,14221,['Julian Kunzenbacher'],-1,"Based on the following table: 
Top 10 players and their achievements in the 2014 Pro Golf Tour.
```
Position,Player,Points,Status earned
1,Marcel Schneider,29666,Qualified for Challenge Tour
2,Sebastian Heisele,23883,Promoted to Challenge Tour
3,Sean Einhaus,22859,Promoted to Challenge Tour
4,Max Kramer,21174,Promoted to Challenge Tour
5,Alexander Knappe,20645,Promoted to Challenge Tour
6,David Antonelli,17833,
7,Anton Kirstein,16898,
8,Floris de Vries,15445,
9,Julian Kunzenbacher,14221,
10,Moritz Lampert,12797,Promoted to European Tour

```
Which 'Player' has the second from the bottom value in the 'Points' column ?

Return only the value, with no additional words, punctuation, or explanation.
If you are unsure, return the most likely value from your knowledge; do not guess or make something up."
https://en.wikipedia.org/wiki/2014_Q_School,Event 1,9,['Oliver Brown'],-1,"Based on the following table: 
Players' rankings and scores in the 2014 Q School events.
```
Rank,Player,Event 1,Event 2,Total
1,Eden Sharav,20,23,43
T2,Ashley Carty,18,22,40
T2,Alex Pagulayan,18,22,40
4,Jamie Clarke,23,15,38
5,Daniel Wells,15,19,34
6,John Sutton,20,12,32
7,Chen Zhe,17,15,32
8,Oliver Brown,14,18,32
9,Joe O'Connor,9,21,30
10,Duane Jones,23,6,29

```
Which 'Player' has the second from the bottom value in the 'Event 1' column ?

Return only the value, with no additional words, punctuation, or explanation.
If you are unsure, return the most likely value from your knowledge; do not guess or make something up."
https://en.wikipedia.org/wiki/2015%E2%80%9316_PGA_Tour,Points,1168,['Jordan Spieth'],-1,"Based on the following table: 
Top 10 finishers and their earnings in the 2015–16 PGA Tour season.
```
Position,Player,Points,Bonus money ($)
1,Rory McIlroy,3120,10000000
2,Dustin Johnson,2380,3000000
3,Patrick Reed,1986,2000000
4,Adam Scott,1930,1500000
5,Paul Casey,1880,1000000
6,Jason Day,1440,800000
7,Ryan Moore,1336,700000
8,Kevin Chappell,1320,600000
9,Jordan Spieth,1168,550000
10,Russell Knox,992,500000

```
Which 'Player' has the second from the bottom value in the 'Points' column ?

Return only the value, with no additional words, punctuation, or explanation.
If you are unsure, return the most likely value from your knowledge; do not guess or make something up."
https://en.wikipedia.org/wiki/2015%E2%80%9316_Saudi_Pro_League,GP.,7,['Total'],-1,"Based on the following table: 
Attendance figures by round for the 2015–16 Saudi Pro League season.
```
Round,Total,GP.,Avg. Per Game
Round 1,32122,7,4589
Round 2,29840,7,4263
Round 3,93882,7,13412
Round 4,53701,7,7672
Round 5,69084,7,9869
Round 6,39156,7,5594
Round 7,48285,7,6898
Round 8,57644,7,8235
Round 9,44462,7,6352
Round 10,72727,7,10390
Round 11,47422,7,6775
Round 12,43783,7,6255
Round 13,30295,7,4328
Round 14,63279,7,9040
Round 15,52709,7,7530
Round 16,28518,7,4074
Round 17,55137,7,7877
Round 18,38551,7,5507
Round 19,53191,7,7599
Round 20,56595,7,8085
Round 21,45342,7,6477
Round 22,18184,7,2598
Round 23,34391,7,4913
Round 24,67870,7,9696
Round 25,14018,7,2003
Round 26,66622,7,9517
Total,1256810,182,6906

```
Which 'Round' has the second from the bottom value in the 'GP.' column ?

Return only the value, with no additional words, punctuation, or explanation.
If you are unsure, return the most likely value from your knowledge; do not guess or make something up."
https://en.wikipedia.org/wiki/2015%E2%80%9316_South_African_Premiership,Capacity,12000,['Golden Arrows'],-1,"Based on the following table: 
Home stadiums and capacities of teams in the 2015–16 South African Premiership.
```
Team,City,Home venue,Capacity
Ajax Cape Town,Cape Town,Cape Town Stadium,69070
Bidvest Wits,Johannesburg,Bidvest Stadium,15000
Bloemfontein Celtic,Bloemfontein,Free State Stadium,40911
Chippa United,Port Elizabeth,Nelson Mandela Bay Stadium,48459
Free State Stars,Phuthaditjhaba,Charles Mopeli Stadium,50000
Golden Arrows,Durban,Princess Magogo Stadium,12000
Jomo Cosmos,Tembisa,Makhulong Stadium,20000
Kaizer Chiefs,Johannesburg,FNB Stadium,94736
Mamelodi Sundowns,Pretoria,Lucas Masterpieces Moripe Stadium,23900
Maritzburg United,Pietermaritzburg,Harry Gwala Stadium,22000
Mpumalanga Black Aces,Nelspruit,Mbombela Stadium,43589
Orlando Pirates,Johannesburg,Orlando Stadium,40000
Platinum Stars,Phokeng,Royal Bafokeng Stadium,44530
Polokwane City,Polokwane,Peter Mokaba Stadium,45000
SuperSport United,Pretoria,Lucas Masterpieces Moripe Stadium,23900
University of Pretoria,Pretoria,Tuks Stadium,8000

```
Which 'Team' has the second from the bottom value in the 'Capacity' column ?

Return only the value, with no additional words, punctuation, or explanation.
If you are unsure, return the most likely value from your knowledge; do not guess or make something up."
https://en.wikipedia.org/wiki/2015_Alps_Tour,Points,20927,['Tom Shadbolt'],-1,"Based on the following table: 
Top 10 players in the 2015 Alps Tour Order of Merit and their Challenge Tour status.
```
Position,Player,Points,Status earned
1,Darius van Driel,35860,Promoted to Challenge Tour
2,Josh Loughrey,34280,Qualified for Challenge Tour
3,Damien Perrier,28099,Promoted to Challenge Tour
4,Harry Casey,23302,Promoted to Challenge Tour
5,Jurrian van der Vaart,21873,Promoted to Challenge Tour
6,Matthieu Pavon,21869,Qualified for Challenge Tour
7,Andrea Maestroni,21297,Promoted to Challenge Tour
8,Toni Ferrer,21014,
9,Tom Shadbolt,20927,
10,Gerard Piris,20621,

```
Which 'Player' has the second from the bottom value in the 'Points' column ?

Return only the value, with no additional words, punctuation, or explanation.
If you are unsure, return the most likely value from your knowledge; do not guess or make something up."
https://en.wikipedia.org/wiki/2015_MERS_outbreak_in_South_Korea,Cases*1*2,20 May 2015,['21 May 2015'],0,"Based on the following table: 
Daily case and death counts during the 2015 MERS outbreak in South Korea.
```
Date,Cases*1*2,Deaths*2
20 May 2015,2,0
21 May 2015,3,0
26 May 2015,5,0
27 May 2015,5,0
28 May 2015,7,0
29 May 2015,13,0
30 May 2015,15,0
31 May 2015,18,0
01 June 2015,25,1
02 June 2015,30,1
03 June 2015,30,3
04 June 2015,36,4
05 June 2015,42,5
06 June 2015,64,5
07 June 2015,87,5
08 June 2015,95,7
09 June 2015,108,7
10 June 2015,122,9
11 June 2015,126,10
12 June 2015,138,13
13 June 2015,145,14
14 June 2015,150,16
15 June 2015,154,19
16 June 2015,162,19
17 June 2015,165,23
18 June 2015,166,24
19 June 2015,166,24
20 June 2015,169,25
21 June 2015,172,27
22 June 2015,175,27
23 June 2015,179,27
24 June 2015,180,29
25 June 2015,181,31
26 June 2015,182,31
27 June 2015,182,32
28 June 2015,182,32
29 June 2015,182,33
30 June 2015,182,33
01 July 2015,183,33
02 July 2015,184,33
03 July 2015,185,33
04 July 2015,186,33
05 July 2015,186,33
06 July 2015,186,33
07 July 2015,186,35
08 July 2015,186,35
09 July 2015,186,35
10 July 2015,186,36
11 July 2015,186,36
12 July 2015,186,36
13 July 2015,186,36
14 July 2015,186,36
15 July 2015,186,36
16 July 2015,186,36
17 July 2015,186,36
18 July 2015,186,36
19 July 2015,186,36
20 July 2015,186,36
21 July 2015,186,36
22 July 2015,186,36
23 July 2015,186,36
24 July 2015,186,36
25 July 2015,186,36
26 July 2015,186,36
27 July 2015,186,36
28 July 2015 ~ 24 October 2015,186,36
25 October 2015,186,37
26 October 2015 ~ 24 November 2015,186,37
25 November 2015,186,38
26 November 2015 ~ 28 September 2016,186,38

```
Which 'Date' has the second from the bottom value in the 'Cases*1*2' column ?

Return only the value, with no additional words, punctuation, or explanation.
If you are unsure, return the most likely value from your knowledge; do not guess or make something up."
https://en.wikipedia.org/wiki/2015_PGA_Tour_Canada,Purse (C$),175000,['Freedom 55 Financial Championship'],-1,"Based on the following table: 
Schedule and winners of tournaments in the 2015 PGA Tour Canada season.
```
Date,Tournament,Location,Purse (C$),Winner,OWGR points
May 31,PC Financial Open,British Columbia,175000,Drew Weaver,6
Jun 07,Bayview Place Island Savings Open,British Columbia,175000,Albin Choi,6
Jun 28,Syncrude Boreal Open,Alberta,175000,Kevin Spooner,6
Jul 05,SIGA Dakota Dunes Open,Saskatchewan,175000,Michael Letzig,6
Jul 12,The Players Cup,Manitoba,175000,Pan Cheng-tsung,6
Jul 19,Staal Foundation Open,Ontario,175000,J. J. Spaun,6
Aug 02,ATB Financial Classic,Alberta,175000,Daniel Miernicki,6
Aug 23,National Capital Open to Support Our Troops,Ontario,175000,Sam Ryder,6
Aug 30,Great Waterway Classic,Ontario,175000,Brad Clapp,6
Sep 06,Wildfire Invitational,Ontario,175000,Christopher Ross,6
Sep 13,Cape Breton Celtic Classic,Nova Scotia,175000,Pan Cheng-tsung,6
Sep 20,Freedom 55 Financial Championship,Ontario,200000,Jason Millard,6

```
Which 'Tournament' has the second from the bottom value in the 'Purse (C$)' column ?

Return only the value, with no additional words, punctuation, or explanation.
If you are unsure, return the most likely value from your knowledge; do not guess or make something up."
https://en.wikipedia.org/wiki/2015_Pacific_Games,Gold,0,"['New Zealand', 'Wallis and Futuna', 'Tuvalu']",-1,"Based on the following table: 
Medal tally by nation at the 2015 Pacific Games.
```
Rank,Nation,Gold,Silver,Bronze,Total
1,Papua New Guinea*,88,69,60,217
2,New Caledonia,60,50,56,166
3,French Polynesia,39,34,41,114
4,Fiji,33,45,37,115
5,Samoa,17,23,11,51
6,Australia,17,19,11,47
7,Nauru,7,10,5,22
8,Solomon Islands,7,6,15,28
9,Tonga,7,1,9,17
10,Cook Islands,6,7,15,28
11,Guam,3,3,7,13
12,Kiribati,3,1,5,9
13,American Samoa,3,1,4,8
14,Micronesia,3,1,0,4
15,Vanuatu,2,8,12,22
16,Norfolk Island,2,3,2,7
17,New Zealand,1,9,10,20
18,Wallis and Futuna,1,1,5,7
19,Tuvalu,1,0,3,4
20,Niue,0,1,1,2
20,Palau,0,1,1,2
22,Marshall Islands,0,0,5,5
23,Northern Mariana Islands,0,0,0,0
23,Tokelau,0,0,0,0

```
Which 'Nation' has the second from the bottom value in the 'Gold' column ?

Return only the value, with no additional words, punctuation, or explanation.
If you are unsure, return the most likely value from your knowledge; do not guess or make something up."
https://en.wikipedia.org/wiki/2015_Pro_Golf_Tour,Points,17641,['Maximilian Laier'],-1,"Based on the following table: 
Top 10 players and their points standings on the 2015 Pro Golf Tour.
```
Position,Player,Points,Status earned
1,Philipp Mejow,35311,Promoted to Challenge Tour
2,Benjamin Rusch,32537,Promoted to Challenge Tour
3,Reinier Saxton,27349,Qualified for Challenge Tour
4,Martin Keskari,27024,Promoted to Challenge Tour
5,Teemu Bakker,21009,Promoted to Challenge Tour
6,Robin Kind,19671,Promoted to Challenge Tour
7,David Antonelli,18089,
8,Mathieu Decottignies-Lafon,17641,
9,Maximilian Laier,17377,
10,Chris Robb,16904,

```
Which 'Player' has the second from the bottom value in the 'Points' column ?

Return only the value, with no additional words, punctuation, or explanation.
If you are unsure, return the most likely value from your knowledge; do not guess or make something up."
https://en.wikipedia.org/wiki/2015_Q_School,Event 1,10,['Hammad Miah'],-1,"Based on the following table: 
Players' rankings and points totals from the 2015 Q School events.
```
Rank,Player,Event 1,Event 2,Total
T1,Luke Simmonds,19,23,42
T1,Zhao Xintong,19,23,42
3,Adam Duffy,23,15,38
4,Alexander Ursenbacher,21,15,36
5,Andy Hicks,16,19,35
6,Kuldesh Johal,10,22,32
7,Leo Fernandez,21,10,31
8,Hammad Miah,11,18,29
9,Ashley Hugill,18,10,28
10,Greg Casey,10,18,28

```
Which 'Player' has the second from the bottom value in the 'Event 1' column ?

Return only the value, with no additional words, punctuation, or explanation.
If you are unsure, return the most likely value from your knowledge; do not guess or make something up."
https://en.wikipedia.org/wiki/2015_UCI_men%27s_road_cycling_rankings,Points,1457.68,['Denmark'],-1,"Based on the following table: 
Top 10 nations in the 2015 UCI men's road cycling rankings by total points.
```
Rank,Nation,Points
1.0,Belgium,3364.0
2.0,Italy,2914.3
3.0,France,2649.4
4.0,Spain,2155.6
5.0,Netherlands,1890.25
6.0,Slovenia,1882.8
7.0,Ukraine,1851.5
8.0,Russia,1783.17
9.0,Denmark,1457.68
10.0,Norway,1451.0

```
Which 'Nation' has the second from the bottom value in the 'Points' column ?

Return only the value, with no additional words, punctuation, or explanation.
If you are unsure, return the most likely value from your knowledge; do not guess or make something up."
https://en.wikipedia.org/wiki/2015_Web.com_Tour,Purse (US$),550000,"['Chitimacha Louisiana Open', 'News Sentinel Open']",-1,"Based on the following table: 
Winners and key details of tournaments in the 2015 Web.com Tour season.
```
Date,Tournament,Location,Purse (US$),Winner,OWGR points
Feb 01,Panama Claro Championship,Panama,625000,Mathew Goggin,14
Feb 08,Pacific Rubiales Colombia Championship,Colombia,800000,Patrick Rodgers,14
Mar 08,Cartagena de Indias at Karibana Championship,Colombia,700000,Andrew Landry,14
Mar 15,Brasil Champions,Brazil,850000,Peter Malnati,14
Mar 22,Chile Classic,Chile,600000,Dawie van der Walt,14
Mar 29,Chitimacha Louisiana Open,Louisiana,550000,Kelly Kraft,14
Apr 19,El Bosque Mexico Championship,Mexico,700000,Wes Roach,14
May 03,United Leasing Championship,Indiana,600000,Smylie Kaufman,14
May 17,BMW Charity Pro-Am,South Carolina,675000,Rod Pampling,14
May 31,Rex Hospital Open,North Carolina,625000,Kyle Thompson,14
Jun 07,Greater Dallas Open,Texas,500000,Tyler Aldridge,14
Jun 14,Rust-Oleum Championship,Ohio,600000,Shane Bertsch,14
Jun 28,Air Capital Classic,Kansas,600000,Rob Oppenheim,14
Jul 05,Nova Scotia Open,Canada,650000,Abraham Ancer,14
Jul 12,Albertsons Boise Open,Idaho,800000,Martin Piller,14
Jul 19,Stonebrae Classic,California,600000,Kim Si-woo,14
Aug 02,Utah Championship,Utah,650000,Patton Kizzire,14
Aug 09,Digital Ally Open,Kansas,600000,Martin Piller,14
Aug 16,Price Cutter Charity Championship,Missouri,675000,Dawie van der Walt,14
Aug 23,News Sentinel Open,Tennessee,550000,Patton Kizzire,14
Aug 30,WinCo Foods Portland Open,Oregon,800000,Dicky Pride,14
Sep 13,Hotel Fitness Championship,Indiana,1000000,Henrik Norlander,16
Sep 20,Small Business Connection Championship,North Carolina,1000000,Chez Reavie,16
Sep 27,Nationwide Children's Hospital Championship,Ohio,1000000,Andrew Loupe,16
Oct 04,Web.com Tour Championship,Florida,1000000,Emiliano Grillo,20

```
Which 'Tournament' has the second from the bottom value in the 'Purse (US$)' column ?

Return only the value, with no additional words, punctuation, or explanation.
If you are unsure, return the most likely value from your knowledge; do not guess or make something up."
https://en.wikipedia.org/wiki/2016%E2%80%9317_PGA_Tour,Points,1080,['Justin Rose'],-1,"Based on the following table: 
Top 10 finishers and their bonus earnings in the 2016–17 PGA Tour season.
```
Position,Player,Points,Bonus money ($)
1,Justin Thomas,3000,10000000
2,Jordan Spieth,2340,3000000
3,Xander Schauffele,2151,2000000
4,Dustin Johnson,1720,1500000
5,Jon Rahm,1620,1000000
6,Marc Leishman,1441,800000
7,Rickie Fowler,1253,700000
8,Hideki Matsuyama,1093,600000
9,Justin Rose,1080,550000
10,Brooks Koepka,1040,500000

```
Which 'Player' has the second from the bottom value in the 'Points' column ?

Return only the value, with no additional words, punctuation, or explanation.
If you are unsure, return the most likely value from your knowledge; do not guess or make something up."
https://en.wikipedia.org/wiki/2016%E2%80%9317_Saudi_Pro_League,GP.,7,['Total'],-1,"Based on the following table: 
""Attendance figures by round for the 2016–17 Saudi Pro League season""
```
Round,Total,GP.,Avg. Per Game
Round 1,42303,7,6043
Round 2,33135,7,4734
Round 3,20361,7,2909
Round 4,66445,7,9492
Round 5,45460,7,6494
Round 6,61352,7,8765
Round 7,48886,7,6984
Round 8,50102,7,7157
Round 9,36805,7,5258
Round 10,67399,7,9628
Round 11,51322,7,7332
Round 12,37001,7,5286
Round 13,59460,7,8494
Round 14,59107,7,8444
Round 15,37047,7,5292
Round 16,88613,7,12659
Round 17,75441,7,10777
Round 18,25890,7,3699
Round 19,51509,7,7358
Round 20,82696,7,11814
Round 21,32435,7,4634
Round 22,28931,7,4133
Round 23,27060,7,3866
Round 24,38754,7,5536
Round 25,30719,7,4388
Round 26,72199,7,10314
Total,1270432,182,6949

```
Which 'Round' has the second from the bottom value in the 'GP.' column ?

Return only the value, with no additional words, punctuation, or explanation.
If you are unsure, return the most likely value from your knowledge; do not guess or make something up."
https://en.wikipedia.org/wiki/2016%E2%80%9317_Ukrainian_Premier_League,Capacity,11883,['Olimpik Donetsk'],-1,"Based on the following table: 
Stadiums, capacities, and rankings of clubs in the 2016–17 Ukrainian Premier League.
```
Rank,Stadium,Club,Capacity
1,NSC Olimpiyskiy,Dynamo Kyiv,70050
2,OSC Metalist,Shakhtar Donetsk,40003
3,Arena Lviv,Karpaty Lviv,34915
3,Arena Lviv,Shakhtar Donetsk,34915
3,Arena Lviv,Olimpik Donetsk,34915
4,Chornomorets Stadium,Chornomorets Odesa,34164
5,Dnipro-Arena,Dnipro,31003
6,Yuvileiny Stadium,Olimpik Donetsk,25830
7,Vorskla Stadium,Vorskla Poltava,24795
7,Vorskla Stadium,Olimpik Donetsk,24795
8,Meteor Stadium,Stal Kamianske,24381
9,Lobanovsky Dynamo Stadium,Olimpik Donetsk,16873
10,Zirka Stadium,Zirka Kropyvnytskyi,13667
10,Zirka Stadium,Olimpik Donetsk,13667
11,Avanhard Stadium,Volyn Lutsk,12080
12,Slavutych-Arena,Zorya Luhansk,11883
12,Slavutych-Arena,Zirka Kropyvnytskyi,11883
13,Tsentralnyi Stadion,Olimpik Donetsk,10321
14,CSC Nika Stadium,FC Oleksandriya,7000

```
Which 'Club' has the second from the bottom value in the 'Capacity' column ?

Return only the value, with no additional words, punctuation, or explanation.
If you are unsure, return the most likely value from your knowledge; do not guess or make something up."
https://en.wikipedia.org/wiki/2016%E2%80%9317_United_States_national_rugby_sevens_team_season,Matches,18,['Don Pati'],-1,"Based on the following table: 
Players' performance statistics for the 2016–17 United States national rugby sevens team season.
```
Player,Matches,Tackles,Tries,Points
Stephen Tomasin,57,156,27,171
Madison Hughes,49,143,13,279
Folau Niua,57,91,10,58
Perry Baker,53,82,57,285
Ben Pinkelman,35,73,11,55
Martin Iosefo,55,66,19,95
Andrew Durutalo,54,64,13,67
Maka Unufe,47,60,14,70
Danny Barrett,42,44,22,110
Matai Leuta,40,27,3,15
Mike Te'o,13,22,5,29
Don Pati,18,11,3,15

```
Which 'Player' has the second from the bottom value in the 'Matches' column ?

Return only the value, with no additional words, punctuation, or explanation.
If you are unsure, return the most likely value from your knowledge; do not guess or make something up."
https://en.wikipedia.org/wiki/2016_PGA_Tour_Canada,Purse (C$),175000,['Freedom 55 Financial Championship'],-1,"Based on the following table: 
Schedule and results of tournaments in the 2016 PGA Tour Canada season.
```
Date,Tournament,Location,Purse (C$),Winner,OWGR points
May 29,Freedom 55 Financial Open,British Columbia,175000,Dan McCarthy,6
Jun 05,Bayview Place Island Savings Open,British Columbia,175000,Adam Cornelson,6
Jun 12,GolfBC Championship,British Columbia,175000,Dan McCarthy,6
Jun 26,SIGA Dakota Dunes Open,Saskatchewan,175000,Max Rottluff,6
Jul 10,The Players Cup,Manitoba,175000,Dan McCarthy,6
Jul 17,Staal Foundation Open,Ontario,175000,Taylor Moore,6
Jul 31,Syncrude Oil Country Championship,Alberta,175000,Aaron Wise,6
Aug 07,ATB Financial Classic,Alberta,175000,Charlie Bull,6
Aug 21,National Capital Open to Support Our Troops,Ontario,175000,Brock Mackenzie,6
Sep 04,Cape Breton Celtic Classic,Nova Scotia,175000,Dan McCarthy,6
Sep 11,Niagara Championship,Ontario,175000,David Pastore,6
Sep 18,Freedom 55 Financial Championship,Ontario,200000,Paul Barjon,6

```
Which 'Tournament' has the second from the bottom value in the 'Purse (C$)' column ?

Return only the value, with no additional words, punctuation, or explanation.
If you are unsure, return the most likely value from your knowledge; do not guess or make something up."
https://en.wikipedia.org/wiki/2016_USL_season,Capacity,2500,['Orange County Blues FC'],-1,"Based on the following table: 
Home stadiums, locations, capacities, managers, kit sponsors, and MLS affiliations of teams in the 2016 USL season.
```
Team,Location,Stadium,Capacity,Manager,Kit Sponsor,MLS Affiliate/Partnership
Arizona United SC,""Peoria, Arizona"",Peoria Sports Complex,12339,Frank Yallop,Food City,
Bethlehem Steel FC,""Bethlehem, Pennsylvania"",Goodman Stadium,16000,Brendan Burke,Lehigh Valley Health Network,Philadelphia Union
Charleston Battery,""Charleston, South Carolina"",MUSC Health Stadium,5100,Michael Anhaeuser,Teamphoria!,Atlanta United FC
Charlotte Independence,""Charlotte, North Carolina"",Ramblewood Soccer Complex,4300,Mike Jeffries,OrthoCarolina,Colorado Rapids
Colorado Springs Switchbacks FC,""Colorado Springs, Colorado"",Switchbacks Stadium,3500,Steve Trittschuh,Penrose-St. Francis Health Services,
FC Cincinnati,""Cincinnati, Ohio"",Nippert Stadium,40000,John Harkes,Toyota,
FC Montreal,Montreal,Complexe sportif Claude-Robillard,3500,Philippe Eullaffroy,,Montreal Impact
Harrisburg City Islanders,""Harrisburg, Pennsylvania"",FNB Field,6187,Bill Becher,Capital Blue Cross,
LA Galaxy II,""Carson, California"",StubHub Center Track and Field Stadium,2000,Curt Onalfo,Herbalife,LA Galaxy
Louisville City FC,""Louisville, Kentucky"",Louisville Slugger Field,13131,James O'Connor,Humana,
New York Red Bulls II,""Harrison, New Jersey"",Red Bull Arena,20000,John Wolyniec,Red Bull,New York Red Bulls
Oklahoma City Energy FC,""Oklahoma City, Oklahoma"",Taft Stadium,7500,Jimmy Nielsen,First Fidelity Bank,FC Dallas
Orange County Blues FC,""Irvine, California"",Anteater Stadium,2500,Barry Venison,,
Orlando City B,""Melbourne, Florida"",Titan Soccer Complex,3500,Anthony Pulis,Orlando Health,Orlando City SC
Pittsburgh Riverhounds,""Pittsburgh, Pennsylvania"",Highmark Stadium,3500,Dave Brandt,Allegheny Health Network,Columbus Crew SC
Portland Timbers 2,""Portland, Oregon"",Merlo Field,4892,Andrew Gregor,Alaska Airlines,Portland Timbers
Real Monarchs SLC,""Sandy, Utah"",Rio Tinto Stadium,20213,Freddy Juarez,LifeVantage,Real Salt Lake
Richmond Kickers,""Richmond, Virginia"",City Stadium,22000,Leigh Cowlishaw,Woodfin Home Comfort Systems,D.C. United
Rio Grande Valley FC Toros,""Edinburg, Texas"",H-E-B Park,9400,Wilmer Cabrera,,Houston Dynamo
Rochester Rhinos,""Rochester, New York"",Sahlen's Stadium,13768,Bob Lilley,,New England Revolution
Saint Louis FC,""Fenton, Missouri"",Soccer Park,5500,Tim Leonard,""Electrical Connection, NECA/IBEW Local 1"",Chicago Fire
Sacramento Republic FC,""Sacramento, California"",Bonney Field,11569,Paul Buckle,UC Davis Children's Hospital,San Jose Earthquakes
San Antonio FC,""San Antonio, Texas"",Toyota Field,8296,Darren Powell,Toyota,
Seattle Sounders FC 2,""Tukwila, Washington"",Starfire Sports Complex,4500,Ezra Hendrickson,Xbox,Seattle Sounders FC
Swope Park Rangers,""Kansas City, Missouri"",Swope Soccer Village,3557,Marc Dos Santos,Ivy Funds,Sporting Kansas City
Toronto FC II,""Vaughan, Ontario"",Ontario Soccer Centre,3500,Jason Bent,,Toronto FC
Tulsa Roughnecks FC,""Tulsa, Oklahoma"",ONEOK Field,7833,David Irving,Oculto,
Vancouver Whitecaps FC 2,""Vancouver, British Columbia"",Thunderbird Stadium,3500,Alan Koch,Bell Canada,Vancouver Whitecaps FC
Wilmington Hammerheads FC,""Wilmington, North Carolina"",Legion Stadium,6000,Mark Briggs,New Hanover Regional Medical Center,New York City FC

```
Which 'Team' has the second from the bottom value in the 'Capacity' column ?

Return only the value, with no additional words, punctuation, or explanation.
If you are unsure, return the most likely value from your knowledge; do not guess or make something up."
https://en.wikipedia.org/wiki/2017%E2%80%9318_Saudi_Pro_League,GP.,7,['Total'],-1,"Based on the following table: 
Attendance figures by round for the 2017–18 Saudi Pro League season.
```
Round,Total,GP.,Avg. Per Game
Round 1,34900,7,4986
Round 2,36791,7,5256
Round 3,19341,7,2763
Round 4,66932,7,9562
Round 5,21239,7,3034
Round 6,25431,7,3633
Round 7,56556,7,8079
Round 8,28010,7,4001
Round 9,31203,7,4458
Round 10,37546,7,5364
Round 11,33441,7,4777
Round 12,25655,7,3665
Round 13,27335,7,3905
Round 14,21611,7,3087
Round 15,23898,7,3414
Round 16,34767,7,4967
Round 17,61441,7,8777
Round 18,39973,7,5710
Round 19,58770,7,8396
Round 20,59291,7,8470
Round 21,51047,7,7292
Round 22,34328,7,4904
Round 23,66973,7,9568
Round 24,42595,7,6085
Round 25,65232,7,9319
Round 26,37765,7,5395
Total,1042071,182,5726

```
Which 'Round' has the second from the bottom value in the 'GP.' column ?

Return only the value, with no additional words, punctuation, or explanation.
If you are unsure, return the most likely value from your knowledge; do not guess or make something up."
https://en.wikipedia.org/wiki/2017%E2%80%9318_Ukrainian_Premier_League,Capacity,12680,['FC Oleksandriya'],-1,"Based on the following table: 
Stadiums, locations, clubs, and capacities in the 2017–18 Ukrainian Premier League.
```
Rank,Stadium,Place,Club,Capacity
1,NSC Olimpiyskiy,Kyiv,Dynamo Kyiv,70050
2,OSC Metalist,Kharkiv,Shakhtar Donetsk,40003
3,Arena Lviv,Lviv,Veres Rivne,34915
4,Chornomorets Stadium,Odesa,Chornomorets Odesa,34164
5,Ukraina Stadium,Lviv,Karpaty Lviv,28051
5,Ukraina Stadium,Lviv,NK Veres Rivne,28051
6,Vorskla Stadium,Poltava,Vorskla Poltava,24795
7,Meteor Stadium,Dnipro,Stal Kamianske,24381
8,Lobanovsky Dynamo Stadium,Kyiv,Olimpik Donetsk,16873
8,Lobanovsky Dynamo Stadium,Kyiv,Dynamo Kyiv,16873
9,Zirka Stadium,Kropyvnytskyi,Zirka Kropyvnytskyi,13667
10,Illichivets Stadium,Mariupol,FC Mariupol,12680
11,Slavutych-Arena,Zaporizhia,Zorya Luhansk,12000
12,CSC Nika Stadium,Oleksandriya,FC Oleksandriya,7000
13,Obolon Arena,Kyiv,Stal Kamianske,5100

```
Which 'Club' has the second from the bottom value in the 'Capacity' column ?

Return only the value, with no additional words, punctuation, or explanation.
If you are unsure, return the most likely value from your knowledge; do not guess or make something up."
https://en.wikipedia.org/wiki/2017_Alps_Tour,Points,15303,['Alexandre Daydou'],-1,"Based on the following table: 
Top 10 players and their Challenge Tour status in the 2017 Alps Tour.
```
Position,Player,Points,Status earned
1,Adri Arnaus,26214,Qualified for Challenge Tour
2,Ugo Coussaud,21535,Promoted to Challenge Tour
3,Antoine Rozner,19976,Promoted to Challenge Tour
4,Lars van Meijel,19306,Promoted to Challenge Tour
5,Robin Roussel,18551,Promoted to Challenge Tour
6,Lukas Nemecz,16915,Promoted to Challenge Tour
7,David Borda,16861,
8,Jean-Baptiste Gonnet,15694,
9,Alexandre Daydou,15303,
10,Maxime Radureau,14453,

```
Which 'Player' has the second from the bottom value in the 'Points' column ?

Return only the value, with no additional words, punctuation, or explanation.
If you are unsure, return the most likely value from your knowledge; do not guess or make something up."
https://en.wikipedia.org/wiki/2017_Euro_Beach_Soccer_League,Pos,Moldova,['Estonia'],0,"Based on the following table: 
Final standings and qualifications of teams in the 2017 Euro Beach Soccer League.
```
Pos,Team,Qualification
1,Turkey,Promoted to 2018 EBSL Division A
2,Estonia,Remain in Division B
3,Hungary,Remain in Division B
4,Greece,Relegated to 2018 EBSL Division B
5,England,Remain in Division B
6,Bulgaria,Remain in Division B
7,Moldova,Remain in Division B
8,Romania,Remain in Division B

```
Which 'Team' has the second from the bottom value in the 'Pos' column ?

Return only the value, with no additional words, punctuation, or explanation.
If you are unsure, return the most likely value from your knowledge; do not guess or make something up."
https://en.wikipedia.org/wiki/2017_PGA_Tour_Canada,Purse (C$),175000,['Freedom 55 Financial Championship'],-1,"Based on the following table: 
Schedule and winners of the 2017 PGA Tour Canada events.
```
Date,Tournament,Location,Purse (C$),Winner,OWGR points
Jun 04,Freedom 55 Financial Open,British Columbia,175000,Lee McCoy,6
Jun 11,Bayview Place Cardtronics Open,British Columbia,175000,Max Rottluff,6
Jun 18,GolfBC Championship,British Columbia,175000,Robby Shelton,6
Jul 09,The Players Cup,Manitoba,175000,Kramer Hickok,6
Jul 16,Staal Foundation Open,Ontario,175000,Johnny Ruiz,6
Jul 23,Mackenzie Investments Open,Quebec,175000,Hank Lebioda,6
Aug 06,Syncrude Oil Country Championship,Alberta,175000,Patrick Newcomb,6
Aug 13,ATB Financial Classic,Alberta,175000,Chase Wright,6
Aug 20,National Capital Open to Support Our Troops,Ontario,175000,Mark Blakefield,6
Sep 03,Cape Breton Open,Nova Scotia,175000,Patrick Newcomb,6
Sep 10,Ontario Championship,Ontario,175000,Kramer Hickok,6
Sep 17,Freedom 55 Financial Championship,Ontario,200000,Rico Hoey,6

```
Which 'Tournament' has the second from the bottom value in the 'Purse (C$)' column ?

Return only the value, with no additional words, punctuation, or explanation.
If you are unsure, return the most likely value from your knowledge; do not guess or make something up."
https://en.wikipedia.org/wiki/2017_Q_School,Event 1,8,['Joe Swail'],-1,"Based on the following table: 
Top 10 players and their performance in the 2017 Q School events.
```
Rank,Player,Event 1,Event 2,Total
1,Zhang Yong,17,19,36
2,Sean O'Sullivan,20,15,35
3,Joe Swail,11,22,33
4,Martin O'Donnell,21,11,32
5,Jackson Page,15,17,32
6,Hu Hao,12,19,31
7,Alex Davies,8,22,30
8,Jamie Clarke,16,13,29
9,Ben Jones,8,21,29
10,William Lemons,22,5,27

```
Which 'Player' has the second from the bottom value in the 'Event 1' column ?

Return only the value, with no additional words, punctuation, or explanation.
If you are unsure, return the most likely value from your knowledge; do not guess or make something up."
https://en.wikipedia.org/wiki/2018%E2%80%9319_Bangladesh_Premier_League_(football),Capacity,10000,"['NoFeL Sporting Club', 'Team BJMC']",-1,"Based on the following table: 
Stadiums and locations of teams in the 2018–19 Bangladesh Premier League (football) season.
```
Team,Location,Stadium,Capacity
Arambagh KS,Mymensingh,Rafiq Uddin Bhuiyan Stadium,12000
Bashundhara Kings,Nilphamari,Sheikh Kamal Stadium,20000
Brothers Union,Dhaka,Bangabandhu National Stadium,36000
Chittagong Abahani Ltd.,Dhaka,Bangabandhu National Stadium,36000
Dhaka Abahani Ltd.,Dhaka,Bangabandhu National Stadium,36000
Dhaka Mohammedan SC Ltd.,Dhaka,Bangabandhu National Stadium,36000
Lt. Sheikh Jamal Dhanmondi Club Ltd.,Dhaka,Bangabandhu National Stadium,36000
Muktijoddha Sangsad KC,Gopalganj,Sheikh Fazlul Haque Mani Stadium,5000
NoFeL Sporting Club,Noakhali,Shaheed Bulu Stadium,10000
Rahmatganj MFS,Dhaka,Bangabandhu National Stadium,36000
Saif Sporting Club,Mymensingh,Rafiq Uddin Bhuiyan Stadium,12000
Sheikh Russel KC,Sylhet,Sylhet District Stadium,25000
Team BJMC,Noakhali,Shaheed Bulu Stadium,10000

```
Which 'Team' has the second from the bottom value in the 'Capacity' column ?

Return only the value, with no additional words, punctuation, or explanation.
If you are unsure, return the most likely value from your knowledge; do not guess or make something up."
https://en.wikipedia.org/wiki/2018%E2%80%9319_Saudi_Pro_League,Capacity,2800,"['Al-Faisaly', 'Al-Fayha']",-1,"Based on the following table: 
Stadiums, locations, and capacities of teams in the 2018–19 Saudi Pro League.
```
Team,Location,Stadium,Capacity
Al-Ahli,Jeddah,King Abdullah Sports City,62000
Al-Batin,Hafar al-Batin,Al-Batin Club Stadium,6000
Al-Ettifaq,Dammam,Prince Mohamed bin Fahd Stadium,21701
Al-Faisaly,Harmah,King Salman Sport City Stadium,5200
Al-Fateh,Al-Hasa,Prince Abdullah bin Jalawi Stadium,19096
Al-Fayha,Al Majma'ah,King Salman Sport City Stadium,5200
Al-Hazem,Ar Rass,Al-Hazem Club Stadium,2800
Al-Hilal,Riyadh,King Saud University Stadium,25000
Al-Ittihad,Jeddah,King Abdullah Sports City,62000
Al-Nassr,Riyadh,King Fahd International Stadium,62685
Al-Qadsiah,Khobar,Prince Saud bin Jalawi Stadium,11000
Al-Raed,Buraidah,King Abdullah Sport City Stadium,23600
Al-Shabab,Riyadh,King Fahd International Stadium,62685
Al-Taawoun,Buraidah,King Abdullah Sport City Stadium,23600
Al-Wehda,Mecca,King Abdul Aziz Stadium,33195
Ohod,Medina,Prince Mohammed bin Abdul Aziz Stadium,24000

```
Which 'Team' has the second from the bottom value in the 'Capacity' column ?

Return only the value, with no additional words, punctuation, or explanation.
If you are unsure, return the most likely value from your knowledge; do not guess or make something up."
https://en.wikipedia.org/wiki/2018%E2%80%9319_Ukrainian_Premier_League,Capacity,12060,['Zorya Luhansk'],-1,"Based on the following table: 
Stadiums, locations, clubs, and capacities in the 2018–19 Ukrainian Premier League by rank.
```
Rank,Stadium,Place,Club,Capacity
1,NSC Olimpiyskiy,Kyiv,Dynamo Kyiv,70050
2,OSC Metalist,Kharkiv,Shakhtar Donetsk,40003
3,Arena Lviv,Lviv,FC Lviv,34915
4,Chornomorets Stadium,Odesa,Chornomorets Odesa,34164
5,Ukraina Stadium,Lviv,Karpaty LvivFC Lviv,28051
6,Vorskla Stadium,Poltava,Vorskla Poltava,24795
7,Lobanovsky Dynamo Stadium,Kyiv,Olimpik DonetskArsenal Kyiv,16873
8,Volodymyr Boiko Stadium,Mariupol,FC Mariupol,12680
9,Chernihiv Stadium,Chernihiv,Desna Chernihiv,12060
10,Slavutych-Arena,Zaporizhzhia,Zorya Luhansk,12000
11,CSC Nika Stadium,Oleksandriya,FC Oleksandriya,7000

```
Which 'Club' has the second from the bottom value in the 'Capacity' column ?

Return only the value, with no additional words, punctuation, or explanation.
If you are unsure, return the most likely value from your knowledge; do not guess or make something up."
https://en.wikipedia.org/wiki/2018%E2%80%9319_United_States_national_rugby_sevens_team_season,Matches,39,['Danny Barrett'],-1,"Based on the following table: 
Players and their performance statistics for the 2018–19 United States national rugby sevens team season.
```
Player,Position,Matches,Tackles,Tries
Stephen Tomasin,Forward,60,101,29
Ben Pinkelman,Forward,60,84,16
Madison Hughes,Halfback,59,89,20
Carlin Isles,Back,55,49,52
Folau Niua,Halfback,55,37,8
Martin Iosefo,Back,53,49,16
Matai Leuta,Forward,52,48,10
Kevon Williams,Halfback,52,35,18
Maceo Brown,Back,47,42,6
Brett Thompson,Forward,43,37,6
Danny Barrett,Forward,39,38,12
Perry Baker,Back,25,21,16

```
Which 'Player' has the second from the bottom value in the 'Matches' column ?

Return only the value, with no additional words, punctuation, or explanation.
If you are unsure, return the most likely value from your knowledge; do not guess or make something up."
https://en.wikipedia.org/wiki/2018_Euro_Beach_Soccer_League,Pld,6,"['Filip Filipov', 'Aaron Clarke', 'Bayanbek Muralinov', ""Cameron O'Rourke"", 'Balazs Rutai', 'Ferenc Besenyei', 'Dmitriy Perevyortov', 'Henrik Salveson', 'Jake Younie', 'Nicolai Ignat', 'Grigorii Cojocari', 'Johan Elverum Salveson']",-1,"Based on the following table: 
Top goal scorers in the 2018 Euro Beach Soccer League
```
Rank,Player,Pld,Goals
1,Filip Filipov,7,16
2,Aaron Clarke,7,12
2,Bayanbek Muralinov,7,12
4,Marian Maciuca,6,10
5,Cameron O'Rourke,7,9
6,Balazs Rutai,7,8
7,Ferenc Besenyei,7,7
7,Dmitriy Perevyortov,7,7
7,Henrik Salveson,7,7
7,Jake Younie,7,7
11,""Ionel Florea """"Boata"""""",6,6
11,Nicolai Ignat,7,6
11,Grigorii Cojocari,7,6
11,Johan Elverum Salveson,7,6

```
Which 'Player' has the second from the bottom value in the 'Pld' column ?

Return only the value, with no additional words, punctuation, or explanation.
If you are unsure, return the most likely value from your knowledge; do not guess or make something up."
https://en.wikipedia.org/wiki/2018_J2_League,Goals,13,['Douglas Vieira'],-1,"Based on the following table: 
Top goal scorers and their clubs in the 2018 J2 League season.
```
Rank,Player,Club,Goals
1,Genki Omae,Omiya Ardija,24
2,Ado Onaiwu,Renofa Yamaguchi,22
3,Takayuki Funayama,JEF United Chiba,19
4,Ibba,Yokohama FC,17
5,Douglas Vieira,Tokyo Verdy,13
6,Masashi Oguro,Tochigi SC,12
6,Seigo Kobayashi,Renofa Yamaguchi,12
6,Yuki Nakashima,Machida Zelvia,12
6,Mateus,Omiya Ardija,12
6,Kenji Baba,Oita Trinita,12
6,Noriaki Fujimoto,Oita Trinita,12

```
Which 'Player' has the second from the bottom value in the 'Goals' column ?

Return only the value, with no additional words, punctuation, or explanation.
If you are unsure, return the most likely value from your knowledge; do not guess or make something up."
https://en.wikipedia.org/wiki/2018_Korean_Tour,Purse,1000000000,['KB Financial Liiv Championship'],-1,"Based on the following table: 
Tournaments, locations, prize money, winners, and OWGR points from the 2018 Korean Tour.
```
Date,Tournament,Location,Purse,Winner,OWGR points
22 Apr,DB Insurance Promy Open,Gyeonggi,500000000,Jeon Ga-lam,9
06 May,GS Caltex Maekyung Open,Gyeonggi,1000000000,Park Sang-hyun,12
20 May,SK Telecom Open,Gyeonggi,1200000000,Kwon Sung-yeol,9
27 May,Genesis Championship,Gyeonggi,1500000000,Lee Tae-hee,9
03 Jun,KB Financial Liiv Championship,Gyeonggi,700000000,Maeng Dong-seop,9
10 Jun,Descente Korea Munsingwear Matchplay,South Gyeongsang,1000000000,Kim Meen-whee,9
17 Jun,KEB Hana Bank Invitational,Gyeonggi,1000000000,Park Sang-hyun,9
24 Jun,Kolon Korea Open,South Chungcheong,1200000000,Choi Min-chel,12
01 Jul,KPGA Championship,South Gyeongsang,1000000000,Mun Do-yeob,9
08 Jul,NS HomeShopping Gunsan CC Jeonbuk Open,North Jeolla,500000000,Sukwoan Ko,9
19 Aug,Dong-A Membership Group Busan Open,South Gyeongsang,500000000,Kim Tae-hoon,9
02 Sep,DGB Financial Group Daegu Gyeongbuk Open,North Gyeongsang,500000000,Kim Tae-woo,9
16 Sep,Shinhan Donghae Open,Gyeonggi,1200000000,Park Sang-hyun,12
23 Sep,Huons Celebrity Pro-Am,South Chungcheong,500000000,Eom Jae-woong,9
28 Oct,Hyundai Insurance KJ Choi Invitational,South Gyeongsang,1000000000,Park Sung-kug,9
04 Nov,A+Life Hyodam Jeju Open,Jeju,500000000,Park Hyo-won,9
11 Nov,Golfzon-DYB Education KPGA Tour Championship,Gyeonggi,500000000,Lee Jung-hwan,9

```
Which 'Tournament' has the second from the bottom value in the 'Purse' column ?

Return only the value, with no additional words, punctuation, or explanation.
If you are unsure, return the most likely value from your knowledge; do not guess or make something up."
https://en.wikipedia.org/wiki/2018_PGA_Tour_Canada,Purse (C$),200000.0,['Freedom 55 Financial Championship'],-1,"Based on the following table: 
Schedule and results of tournaments in the 2018 PGA Tour Canada season.
```
Date,Tournament,Location,Purse (C$),Winner,OWGR points
Jun 03,Freedom 55 Financial Open,British Columbia,200000.0,Jordan Niebrugge,7.0
Jun 10,Bayview Place DCBank Open,British Columbia,200000.0,Sam Fidone,6.0
Jun 17,GolfBC Championship,British Columbia,200000.0,George Cunningham,6.0
Jun 24,Lethbridge Paradise Canyon Open,Alberta,200000.0,T. T. Crouch,6.0
Jul 08,Windsor Championship,Ontario,200000.0,Mark Anguiano,6.0
Jul 15,Staal Foundation Open,Ontario,200000.0,Ben Griffin,6.0
Jul 22,Osprey Valley Open,Ontario,200000.0,Tyler McCumber,6.0
Aug 05,Syncrude Oil Country Championship,Alberta,200000.0,Tyler McCumber,6.0
Aug 12,ATB Financial Classic,Alberta,200000.0,Corey Pereira,6.0
Aug 19,The Players Cup,Manitoba,200000.0,Tyler McCumber,6.0
Sep 02,Cape Breton Open,Nova Scotia,,Cancelled,
Sep 09,Mackenzie Investments Open,Quebec,200000.0,Blake Olson,6.0
Sep 16,Freedom 55 Financial Championship,Ontario,225000.0,Danny Walker,6.0

```
Which 'Tournament' has the second from the bottom value in the 'Purse (C$)' column ?

Return only the value, with no additional words, punctuation, or explanation.
If you are unsure, return the most likely value from your knowledge; do not guess or make something up."
https://en.wikipedia.org/wiki/2018_Philippine_Golf_Tour,Purse (US$),100000,['Solaire Philippine Open'],-1,"Based on the following table: 
Winners and key details of tournaments in the 2018 Philippine Golf Tour.
```
Date,Tournament,Location,Purse (US$),Winner
20 Apr,ICTSI Luisita Championship,Tarlac,100000,David Gleeson
02 Jun,ICTSI Riviera Classic,Cavite,100000,Jobim Carlos
08 Jun,ICTSI Manila Southwoods Championship,Manila,100000,Jay Bayron
14 Jul,ICTSI Forest Hills Championship,Rizal,100000,Jhonnel Ababa
08 Sep,Aboitiz Invitational,Manila,100000,Damien Jordan
26 Oct,CAT Open,Tarlac,100000,James Ryan Lam
03 Nov,Summit Point World 18 Challenge,Batangas,100000,Joenard Rates
19 Jan,ICTSI Pradera Verde Classic,Pampanga,100000,Jhonnel Ababa
30 Mar,ICTSI Riviera Challenge,Cavite,100000,Juvic Pagunsan
06 Apr,Solaire Philippine Open,Laguna,500000,Clyde Mondilla

```
Which 'Tournament' has the second from the bottom value in the 'Purse (US$)' column ?

Return only the value, with no additional words, punctuation, or explanation.
If you are unsure, return the most likely value from your knowledge; do not guess or make something up."
https://en.wikipedia.org/wiki/2018_Q_School,Event 1,9,['Andy Hicks'],-1,"Based on the following table: 
Top 10 players and their event results in the 2018 Q School.
```
Rank,Player,Event 1,Event 2,Event 3,Total
1,David Lilley,18,19,19,56
2,Dechawat Poomjaeng,20,21,14,55
3,James Cahill,17,17,19,53
4,Adam Duffy,18,20,14,52
5,Luke Simmonds,20,14,11,45
6,Jamie Cope,9,21,15,45
7,Fang Xiongman,11,10,21,42
8,Farakh Ajaib,9,14,19,42
9,Andy Hicks,7,16,18,41
10,Michael Judge,6,18,16,40

```
Which 'Player' has the second from the bottom value in the 'Event 1' column ?

Return only the value, with no additional words, punctuation, or explanation.
If you are unsure, return the most likely value from your knowledge; do not guess or make something up."
https://en.wikipedia.org/wiki/2019%E2%80%9320_Bangladesh_Premier_League_(football),Capacity,12000,['Dhaka Mohammedan SC Ltd.'],-1,"Based on the following table: 
Home venues and capacities of teams in the 2019–20 Bangladesh Premier League (football).
```
Team,Location,Stadium,Capacity
Arambagh KS,Dhaka,Bangabandhu National Stadium,36000
Bangladesh Police FC,Dhaka,Bangabandhu National Stadium,36000
Bashundhara Kings,Nilphamari,Sheikh Kamal Stadium,20000
Brothers Union,Dhaka,Bangabandhu National Stadium,36000
Chittagong Abahani Ltd.,Chattogram,MA Aziz Stadium,30000
Dhaka Abahani Ltd.,Dhaka,Bangabandhu National Stadium,36000
Dhaka Mohammedan SC Ltd.,Comilla,Shaheed Dhirendranath Stadium,8000
Lt. Sheikh Jamal Dhanmondi Club Ltd.,Dhaka,Bangabandhu National Stadium,30000
Muktijoddha Sangsad KC,Gopalganj,Sheikh Fazlul Haque Mani Stadium,5000
Rahmatganj MFS,Dhaka,Bangabandhu National Stadium,36000
Saif Sporting Club,Mymensingh,Rafiq Uddin Bhuiyan Stadium,12000
Sheikh Russel KC,Sylhet,Sylhet District Stadium,25000
Uttar Baridhara SC,Dhaka,Bangabandhu National Stadium,36000

```
Which 'Team' has the second from the bottom value in the 'Capacity' column ?

Return only the value, with no additional words, punctuation, or explanation.
If you are unsure, return the most likely value from your knowledge; do not guess or make something up."
https://en.wikipedia.org/wiki/2019%E2%80%9320_Saudi_Pro_League,GP.,8,"['Round 1', 'Round 2', 'Round 3', 'Round 4', 'Round 5', 'Round 6', 'Round 7', 'Round 8', 'Round 9', 'Round 10', 'Round 11', 'Round 12', 'Round 13', 'Round 14', 'Round 15', 'Round 16', 'Round 17', 'Round 18', 'Round 19', 'Round 20', 'Round 22', 'Round 23', 'Round 24', 'Round 25', 'Round 26', 'Round 27', 'Round 28', 'Round 29', 'Round 30']",-1,"Based on the following table: 
Attendance figures by round for the 2019–20 Saudi Pro League season.
```
Round,Total,GP.,Avg. Per Game
Round 1,82409,8,10301
Round 2,67420,8,8428
Round 3,66994,8,8374
Round 4,114245,8,14281
Round 5,83713,8,10464
Round 6,73691,8,9211
Round 7,64943,8,8118
Round 8,61136,8,7642
Round 9,80904,8,10113
Round 10,63207,8,7901
Round 11,60629,8,7579
Round 12,29098,8,3637
Round 13,38511,8,4814
Round 14,68427,8,8553
Round 15,72370,8,9046
Round 16,68354,8,8544
Round 17,53456,8,6682
Round 18,66577,8,8322
Round 19,64639,8,8080
Round 20,87907,8,10988
Round 21,30474,5,6095
Round 22,0,8,0
Round 23,0,8,0
Round 24,0,8,0
Round 25,0,8,0
Round 26,0,8,0
Round 27,0,8,0
Round 28,0,8,0
Round 29,0,8,0
Round 30,0,8,0
Total,1399104,165,8479

```
Which 'Round' has the second from the bottom value in the 'GP.' column ?

Return only the value, with no additional words, punctuation, or explanation.
If you are unsure, return the most likely value from your knowledge; do not guess or make something up."
https://en.wikipedia.org/wiki/2019%E2%80%9320_Ukrainian_Premier_League,Capacity,12060,['FC Oleksandriya'],-1,"Based on the following table: 
Stadiums, locations, clubs, and capacities in the 2019–20 Ukrainian Premier League by rank.
```
Rank,Stadium,Place,Club,Capacity
1,NSC Olimpiyskiy,Kyiv,Dynamo Kyiv,70050
1,NSC Olimpiyskiy,Kyiv,Shakhtar Donetsk,70050
1,NSC Olimpiyskiy,Kyiv,Kolos Kovalivka,70050
2,OSC Metalist,Kharkiv,Shakhtar Donetsk,40003
3,Arena Lviv,Lviv,FC Lviv,34915
4,Dnipro-Arena,Dnipro,SC Dnipro-1,31003
4,Dnipro-Arena,Dnipro,FC Lviv,31003
5,Ukraina Stadium,Lviv,Karpaty Lviv,28051
5,Ukraina Stadium,Lviv,FC Lviv,28051
6,Vorskla Stadium,Poltava,Vorskla Poltava,24795
7,Lobanovsky Dynamo Stadium,Kyiv,Olimpik Donetsk,16873
7,Lobanovsky Dynamo Stadium,Kyiv,Dynamo Kyiv,16873
8,Ternopilsky Misky Stadion,Ternopil,FC Lviv,15150
8,Ternopilsky Misky Stadion,Ternopil,SC Dnipro-1,15150
9,Volodymyr Boiko Stadium,Mariupol,FC Mariupol,12680
10,Avanhard Stadium,Lutsk,Karpaty Lviv,12080
11,Chernihiv Stadium,Chernihiv,Desna Chernihiv,12060
12,Slavutych-Arena,Zaporizhzhia,Zorya Luhansk,12000
13,CSC Nika Stadium,Oleksandriya,FC Oleksandriya,7000
14,Obolon Arena,Kyiv,Kolos Kovalivka,5100

```
Which 'Club' has the second from the bottom value in the 'Capacity' column ?

Return only the value, with no additional words, punctuation, or explanation.
If you are unsure, return the most likely value from your knowledge; do not guess or make something up."
https://en.wikipedia.org/wiki/2019_Euro_Beach_Soccer_League,Pos,Estonia,['Kazakhstan'],0,"Based on the following table: 
Final standings and outcomes of teams in the 2019 Euro Beach Soccer League.
```
Pos,Team,Outcome
1,Azerbaijan,Retained spot in 2020 EBSL Division A
2,Kazakhstan,Remain in Division B
3,Romania,Remain in Division B
4,Greece,Remain in Division B
5,Hungary,Remain in Division B
6,Czech Republic,Remain in Division B
7,Estonia,Remain in Division B
8,Georgia,Remain in Division B

```
Which 'Team' has the second from the bottom value in the 'Pos' column ?

Return only the value, with no additional words, punctuation, or explanation.
If you are unsure, return the most likely value from your knowledge; do not guess or make something up."
https://en.wikipedia.org/wiki/2019_Pacific_Games,Gold,0,"['American Samoa', 'Niue', 'Tuvalu', 'Federated States of Micronesia']",-1,"Based on the following table: 
Medal tally by nation at the 2019 Pacific Games.
```
Rank,Nation,Gold,Silver,Bronze,Total
1,New Caledonia,76,55,51,182
2,Papua New Guinea,38,57,35,130
3,Samoa*,38,42,45,125
4,Tahiti,35,39,45,119
5,Fiji,35,38,43,116
6,Australia,33,9,14,56
7,Nauru,12,6,16,34
8,Tonga,9,5,14,28
9,New Zealand,8,10,7,25
10,Vanuatu,8,5,12,25
11,Kiribati,6,10,9,25
12,Cook Islands,5,5,8,18
13,Solomon Islands,4,13,19,36
14,Guam,3,10,6,19
15,Wallis and Futuna,3,6,2,11
16,Northern Mariana Islands,3,1,0,4
17,Norfolk Island,2,2,3,7
18,American Samoa,1,5,7,13
19,Niue,1,1,2,4
20,Tuvalu,1,1,1,3
21,Federated States of Micronesia,1,0,0,1
22,Marshall Islands,0,1,2,3
23,Tokelau,0,0,1,1
24,Palau,0,0,0,0

```
Which 'Nation' has the second from the bottom value in the 'Gold' column ?

Return only the value, with no additional words, punctuation, or explanation.
If you are unsure, return the most likely value from your knowledge; do not guess or make something up."
https://en.wikipedia.org/wiki/2020%E2%80%9321_Bangladesh_Premier_League_(football),Clean sheets,0,"['Mitul Hasan', 'Ariful Islam', 'Sultan Ahmed Shakil', 'Shibli Ahmed Sohan', 'Mohiuddin Ranu', 'Arifuzzaman Hemel', 'Kashem Milon']",-1,"Based on the following table: 
Goalkeepers and their defensive records in the 2020–21 Bangladesh Premier League (football)
```
Rank,Player,Club,Clean sheets,Goals conceded
1,Anisur Zico,Bashundhara Kings,12,10
2,Ashraful Islam Rana,Sheikh Russel KC,9,25
3,Mohammad Nayeem,Chittagong Abahani,8,21
4,Shahidul Alam Sohel,Abahani Ltd. Dhaka,7,22
5,Russel Mahmud Liton,Rahmatganj MFS,6,27
6,Samiul Islam Masum,Sheikh Jamal DC,5,7
7,Hossain Suzan,Mohammedan SC,4,11
8,Mohammad Razib,Muktijoddha Sangsad KC,4,15
9,Mahfuz Hasan Pritom,Muktijoddha Sangsad KC,4,17
10,Pappu Hossain,Saif Sporting Club,4,22
11,Mohammad Nehal,Bangladesh Police,3,19
12,Mitul Marma,Uttar Baridhara Club,3,29
13,Hamidur Rahman Remon,Bashundhara Kings,2,0
14,Ahsan Habib Bipu,Dhaka Mohammedan,2,14
15,Ziaur Rahman,Sheikh Jamal DC,2,20
16,Titumir Chowdhury,Brothers Union,2,21
17,Mitul Hasan,Bashundhara Kings,1,0
18,Ariful Islam,Rahmatganj MFS,1,3
19,Sultan Ahmed Shakil,Abahani Ltd. Dhaka,1,6
20,Shibli Ahmed Sohan,Arambagh KS,1,9
21,Mohiuddin Ranu,Brothers Union,1,10
22,Arifuzzaman Hemel,Police FC,1,15
23,Kashem Milon,Arambagh KS,1,22
24,Rayhan Jaber,Arambagh KS,0,1
24,Antor Ali,Arambagh KS,0,1
24,Rakibul Hasan Tushar,Rahmatganj MFS,0,1
24,Mamun Khan,Sheikh Jamal DC,0,1
28,Nurul Karim,Muktijoddha Sangsad KC,0,2
29,Azad Hossain,Chittagong Abahani,0,3
30,Omer Faruk Linkcon,Arambagh KS,0,4
30,Mazharul Islam Himel,Chittagong Abahani,0,4
32,Saiful Islam Khan,Bangladesh Police FC,0,5
33,Sabuj Das Raghu,Sheikh Russel KC,0,6
34,Saiful Islam,Saif Sporting Club,0,7
35,Shanto Ray,Saif SC,0,8
36,Azad Hossen,Uttar Baridhara,0,9
37,Jasim Uddin,Uttar Baridhara,0,12
38,Mamun Alif,Uttar Baridhara,0,13
39,Jafor Sarder,Brothers Union,0,20
40,Appel Mahmud,Arambagh KS,0,29

```
Which 'Player' has the second from the bottom value in the 'Clean sheets' column ?

Return only the value, with no additional words, punctuation, or explanation.
If you are unsure, return the most likely value from your knowledge; do not guess or make something up."
https://en.wikipedia.org/wiki/2020%E2%80%9321_Saudi_Pro_League,Capacity,6000,['Al-Faisaly'],-1,"Based on the following table: 
Stadiums, locations, and capacities of teams in the 2020–21 Saudi Pro League.
```
Team,Location,Stadium,Capacity
Abha,Abha,Prince Sultan bin Abdul Aziz Stadium,20000
Al-Ahli,Jeddah,King Abdullah Sports City,62345
Al-Ain,Al Bahah,King Saud Sport City Stadium,10000
Al-Batin,Hafar al-Batin,Al-Batin Club Stadium,6000
Al-Ettifaq,Dammam,Prince Mohamed bin Fahd Stadium,35000
Al-Faisaly,Harmah,Al Majma'ah Sports City,7000
Al-Fateh,Al-Hasa,Prince Abdullah bin Jalawi Stadium,26000
Al-Hilal,Riyadh,King Fahd International Stadium,62685
Al-Ittihad,Jeddah,King Abdullah Sports City,62345
Al-Nassr,Riyadh,King Saud University Stadium,25000
Al-Qadsiah,Khobar,Prince Saud bin Jalawi Stadium,15000
Al-Raed,Buraidah,King Abdullah Sport City Stadium,25000
Al-Shabab,Riyadh,King Fahd International Stadium,62685
Al-Taawoun,Buraidah,King Abdullah Sport City Stadium,25000
Al-Wehda,Mecca,King Abdul Aziz Stadium,38000
Damac,Khamis Mushait,Prince Sultan bin Abdul Aziz Stadium,20000

```
Which 'Team' has the second from the bottom value in the 'Capacity' column ?

Return only the value, with no additional words, punctuation, or explanation.
If you are unsure, return the most likely value from your knowledge; do not guess or make something up."
https://en.wikipedia.org/wiki/2021%E2%80%9322_Bangladesh_Premier_League_(football),Capacity,10000,"['Lt. Sheikh Jamal Dhanmondi Club Ltd.', 'Saif Sporting Club']",-1,"Based on the following table: 
Stadiums, locations, and capacities of teams in the 2021–22 Bangladesh Premier League (football).
```
Team,Location,Stadium,Capacity
Bangladesh Police FC,Rajshahi,Muktijuddho Smriti Stadium,15000
Bashundhara Kings,Dhaka,Bashundhara Kings Arena,14000
Chittagong Abahani Ltd.,Comilla,Shaheed Dhirendranath Stadium,18000
Dhaka Abahani Ltd.,Sylhet,Sylhet District Stadium,15000
Dhaka Mohammedan SC Ltd.,Comilla,Shaheed Dhirendranath Stadium,18000
Lt. Sheikh Jamal Dhanmondi Club Ltd.,Munshigonj,Bir Fl. Lt. Matiur Rahman Stadium,10000
Muktijoddha Sangsad KC,Gopalganj,Sheikh Fazlul Haque Mani Stadium,5000
Rahmatganj MFS,Sylhet,Sylhet District Stadium,15000
Saif Sporting Club,Munshigonj,Bir Fl. Lt. Matiur Rahman Stadium,10000
Sheikh Russel KC,Dhaka,Bashundhara Kings Arena,14000
Swadhinata KS,Rajshahi,Muktijuddho Smriti Stadium,15000
Uttar Baridhara Club,Gopalganj,Sheikh Fazlul Haque Mani Stadium,5000

```
Which 'Team' has the second from the bottom value in the 'Capacity' column ?

Return only the value, with no additional words, punctuation, or explanation.
If you are unsure, return the most likely value from your knowledge; do not guess or make something up."
https://en.wikipedia.org/wiki/2021%E2%80%9322_Sunshine_Tour,Prize money (R),1816637,['George Coetzee'],-1,"Based on the following table: 
Top 11 players and their earnings on the 2021–22 Sunshine Tour
```
Position,Player,Prize money (R),Status earned
1,Shaun Norris,4890994,Already exempt
2,Dean Burmester,4196182,Already exempt
3,Thriston Lawrence,3854950,Already exempt
4,Oliver Bekker,3359398,Already exempt
5,Hennie du Plessis,2779485,Already exempt
6,J. C. Ritchie,2691199,Already exempt
7,Zander Lombard,1949393,Already exempt
8,Daniel van Tonder,1943891,Promoted to European Tour
9,Tristen Strydom,1843480,Promoted to European Tour
10,George Coetzee,1816637,Already exempt
11,Wilco Nienaber,1735209,Promoted to European Tour

```
Which 'Player' has the second from the bottom value in the 'Prize money (R)' column ?

Return only the value, with no additional words, punctuation, or explanation.
If you are unsure, return the most likely value from your knowledge; do not guess or make something up."
https://en.wikipedia.org/wiki/2021_Q_School,Event 1,9,['John Astley'],-1,"Based on the following table: 
Top 10 players and their event performances in the 2021 Q School.
```
Rank,Player,Event 1,Event 2,Event 3,Total
1,Hammad Miah,15,23,15,53
2,Mitchell Mann,22,11,17,50
3,Sanderson Lam,9,23,17,49
4,Michael Georgiou,21,13,13,47
5,Si Jiahui,15,7,23,45
6,Soheil Vahedi,14,15,15,44
7,Michael White,12,13,18,43
8,David Lilley,19,9,14,42
9,Ross Muir,15,17,10,42
10,John Astley,10,18,14,42

```
Which 'Player' has the second from the bottom value in the 'Event 1' column ?

Return only the value, with no additional words, punctuation, or explanation.
If you are unsure, return the most likely value from your knowledge; do not guess or make something up."
https://en.wikipedia.org/wiki/2022%E2%80%9323_Saudi_Pro_League,GP.,8,['Total'],-1,"Based on the following table: 
Attendance figures by round for the 2022–23 Saudi Pro League season.
```
Round,Total,GP.,Avg. Per Game
Round 1,68851,8,8606
Round 2,81053,8,10132
Round 3,61568,8,7696
Round 4,69264,8,8658
Round 5,46341,8,5793
Round 6,87515,8,10939
Round 7,53182,8,6648
Round 8,97330,8,12166
Round 9,31208,8,3901
Round 10,74917,8,9365
Round 11,63815,8,7977
Round 12,83926,8,10491
Round 13,39356,8,4920
Round 14,76291,8,9536
Round 15,58047,8,7256
Round 16,108962,8,13620
Round 17,73027,8,9128
Round 18,87064,8,10883
Round 19,95271,8,11909
Round 20,105196,8,13150
Round 21,54975,8,6872
Round 22,87747,8,10968
Round 23,50441,8,6305
Round 24,95356,8,11920
Round 25,56457,8,7057
Round 26,108922,8,13615
Round 27,49987,8,6248
Round 28,110428,8,13804
Round 29,58492,8,7312
Round 30,106265,8,13283
Total,2241254,240,9339

```
Which 'Round' has the second from the bottom value in the 'GP.' column ?

Return only the value, with no additional words, punctuation, or explanation.
If you are unsure, return the most likely value from your knowledge; do not guess or make something up."
https://en.wikipedia.org/wiki/2022_Korn_Ferry_Tour,Purse (US$),750000,['Pinnacle Bank Championship'],-1,"Based on the following table: 
Tournaments, locations, prize purses, winners, and ranking points from the 2022 Korn Ferry Tour season.
```
Date,Tournament,Location,Purse (US$),Winner,OWGR points
Jan 19,The Bahamas Great Exuma Classic,Bahamas,750000,Akshay Bhatia,14.0
Jan 26,The Bahamas Great Abaco Classic,Bahamas,750000,Brandon Harkins,14.0
Feb 06,Panama Championship,Panama,750000,Carson Young,14.0
Feb 13,Astara Golf Championship,Colombia,750000,Brandon Matthews,14.0
Feb 20,LECOM Suncoast Classic,Florida,750000,An Byeong-hun,14.0
Mar 20,Chitimacha Louisiana Open,Louisiana,750000,Yuan Yechun,14.0
Mar 27,Lake Charles Championship,Louisiana,750000,Trevor Werbylo,14.0
Apr 03,Club Car Championship,Georgia,750000,T. J. Vogel,14.0
Apr 16,Veritex Bank Championship,Texas,750000,Tyson Alexander,14.0
May 01,Huntsville Championship,Alabama,750000,Harrison Endycott,14.0
May 08,Simmons Bank Open,Tennessee,750000,Brent Grant,14.0
May 15,Visit Knoxville Open,Tennessee,750000,Anders Albertson,14.0
May 22,AdventHealth Championship,Missouri,750000,Trevor Cone,14.0
May 29,NV5 Invitational,Illinois,750000,Harry Hall,14.0
Jun 05,Rex Hospital Open,North Carolina,750000,Davis Thompson,14.0
Jun 12,BMW Charity Pro-Am,South Carolina,750000,Robby Shelton,14.0
Jun 19,Wichita Open,Kansas,750000,Norman Xiong,14.0
Jun 26,Live and Work in Maine Open,Maine,750000,Pierceson Coody,14.0
Jul 03,The Ascendant,Colorado,750000,Dou Zecheng,14.0
Jul 17,Memorial Health Championship,Illinois,750000,Paul Haley II,14.0
Jul 24,Price Cutter Charity Championship,Missouri,750000,David Kocher,14.0
Aug 07,Utah Championship,Utah,750000,Andrew Kozan,14.0
Aug 14,Pinnacle Bank Championship,Nebraska,850000,Robby Shelton,14.79
Aug 21,Albertsons Boise Open,Idaho,1000000,Will Gordon,20.13
Aug 28,Nationwide Children's Hospital Championship,Ohio,1000000,David Lingmerth,19.83
Sep 04,Korn Ferry Tour Championship,Indiana,1000000,Justin Suh,19.09

```
Which 'Tournament' has the second from the bottom value in the 'Purse (US$)' column ?

Return only the value, with no additional words, punctuation, or explanation.
If you are unsure, return the most likely value from your knowledge; do not guess or make something up."
https://en.wikipedia.org/wiki/2022_Pro_Golf_Tour,Points,10144,['Felix Schulz'],-1,"Based on the following table: 
Top 10 players and their points standings in the 2022 Pro Golf Tour.
```
Position,Player,Points,Status earned
1,Michael Hirmer,17785,Promoted to Challenge Tour
2,Jean Bekirian,17563,Promoted to Challenge Tour
3,Alan de Bondt,15382,Promoted to Challenge Tour
4,Jannik de Bruyn,14095,Promoted to Challenge Tour
5,Yente van Doren,12554,Promoted to Challenge Tour
6,Philipp Katich,10920,
7,Victor Veyret,10800,
8,Marc Hammer,10246,Finished in Top 70 of Challenge Tour Rankings
9,Felix Schulz,10144,
10,Dario Antonisse,9988,

```
Which 'Player' has the second from the bottom value in the 'Points' column ?

Return only the value, with no additional words, punctuation, or explanation.
If you are unsure, return the most likely value from your knowledge; do not guess or make something up."
https://en.wikipedia.org/wiki/2023%E2%80%9324_Bangladesh_Championship_League,Goals,1,"['Md Ifran Hossain', 'Salim Reza', 'Zaker Hossain', 'Md Ali Hossain', 'Nazmul Huda Faysal', 'Siful Islam Rijon', 'Mahmudul Hasan', 'Joy Kumar', 'Mohammed Nazim Uddin', 'Own Goals']",-1,"Based on the following table: 
Top goalscorers of the 2023–24 Bangladesh Championship League by club and rank
```
Rank,Player,Club,Goals
1,Rafayel Tudu,Fakirerpool YMC,12
2,Dalim Barman,Fakirerpool YMC,9
3,Imran Hossain Pappu,Dhaka Wanderers Club,6
4,Safin Ahmed Shanto,Wari Club,4
4,Parvej Ahmed,BFF Elite Academy,4
4,Jakir Hossain Jiku,Dhaka Wanderers Club,4
4,Rumon Hossain,PWD SC,4
8,Md Faizullah,NoFeL SC,3
8,Md Rifat Kazi,BFF Elite Academy,3
8,Tonobir Mollik,Farashganj SC,3
8,Shubo Rajbongshi,Uttara FC,3
8,Md Jubayer Ahmaed,Wari Club,3
8,Salauddin Shahed,BFF Elite Academy,3
8,Minhazul Karim Shadin,Dhaka Wanderers Club,3
8,Asif Mahmud Rumon,PWD SC,3
8,Saifullah Sarder,Fakirerpool YMC,3
8,Sajidur Rahman,PWD SC,3
18,Md Ifran Hossain,Fakirerpool YMC,2
18,Salim Reza,Uttara FC,2
18,Zaker Hossain,NoFeL SC,2
18,Md Ali Hossain,Farashganj SC,2
18,Nazmul Huda Faysal,BFF Elite Academy,2
18,Siful Islam Rijon,PWD SC,2
18,Mahmudul Hasan,Wari Club,2
18,Joy Kumar,Uttara FC,2
18,Mohammed Nazim Uddin,BFF Elite Academy,2
27,Aswad Bin Walid Khan,Wari Club,1
27,Hira Ghose,Wari Club,1
27,Md Delowar Hasan Nehal,Wari Club,1
27,Joyonto Lal,PWD SC,1
27,Abu Sadek,Farashganj SC,1
27,Md Nazim Uddin Mithu,NoFeL SC,1
27,Md Shadhin,PWD SC,1
27,Md Ridoy Hossain,PWD SC,1
27,Md Sakib Chowdahury,Farashganj SC,1
27,Naky Chandra Das,Uttara FC,1
27,Md Ripon,BFF Elite Academy,1
27,Md Sohel,Farashganj SC,1
27,Tanin Sarker,PWD SC,1
27,Shofikul Islam,PWD SC,1
27,Akash Ali,Wari Club,1
27,Md Rakib Rahman,Fakirerpool YMC,1
27,Prakas Das,Farashganj SC,1
27,Md Manik,BFF Elite Academy,1
27,Md Shawon,Dhaka Wanderers Club,1
27,Md Sohag Mia,Dhaka Wanderers Club,1
27,Md Hasebul Hasan Santo,Wari Club,1
27,Elias Hasdak,Dhaka Wanderers Club,1
27,Iftiar Hossain,BFF Elite Academy,1
27,Md Labibur Rahman,Uttara FC,1
27,Md Al-Amin,Farashganj SC,1
27,Tarikul Islam,Uttara FC,1
27,Md Nazmul Ahmed Shakil,Farashganj SC,1
27,Sobuj Sheikh,NoFeL SC,1
27,Md Sagor,NoFeL SC,1
27,Mujahid Hossain Mollik,NoFeL SC,1
27,Akikul Islam,PWD SC,1
27,Abdullah Tofel,PWD SC,1
27,Md Habibullah Bashar,Dhaka Wanderers Club,1
27,Anik Hossain Siam,Fakirerpool YMC,1
27,Md Joy Ahmed,BFF Elite Academy,1
27,Md Sujon,Farashganj SC,1
27,Diderul Islam,PWD SC,1
27,Using Marma,BFF Elite Academy,1
Own Goals,Own Goals,Own Goals,2
Total,Total,Total,131

```
Which 'Player' has the second from the bottom value in the 'Goals' column ?

Return only the value, with no additional words, punctuation, or explanation.
If you are unsure, return the most likely value from your knowledge; do not guess or make something up."
https://en.wikipedia.org/wiki/2023%E2%80%9324_Horizon_League_men%27s_basketball_season,GP,14,"['Green Bay', 'IUPUI']",-1,"Based on the following table: 
Attendance figures for 2023–24 Horizon League men's basketball teams.
```
#,Team,GP,Cumulative,High,Low,Avg.
1,Wright State,16,65069,5860,3138,4067
2,Northern Kentucky,15,49052,4935,2340,3270
3,Youngstown State,17,43183,6001,1430,2540
4,Oakland,13,35715,3721,1000,2747
5,Green Bay,14,34161,5490,1379,2440
6,Milwaukee,16,32554,4037,1297,2035
7,Cleveland State,17,28385,2399,1281,1670
8,Purdue Fort Wayne,16,20074,1886,816,1255
9,Robert Morris,16,14791,1555,625,924
10,IUPUI,14,14675,4867,548,1048
11,Detroit Mercy,17,9061,1211,420,824

```
Which 'Team' has the second from the bottom value in the 'GP' column ?

Return only the value, with no additional words, punctuation, or explanation.
If you are unsure, return the most likely value from your knowledge; do not guess or make something up."
https://en.wikipedia.org/wiki/2023%E2%80%9324_Saudi_Pro_League,GP.,9,['Total'],-1,"Based on the following table: 
Attendance figures by round for the 2023–24 Saudi Pro League season.
```
Round,Total,GP.,Avg. Per Game
Round 1,61067,9,6785
Round 2,122911,9,13657
Round 3,78796,9,8755
Round 4,75322,9,8369
Round 5,57658,9,6406
Round 6,63959,9,7107
Round 7,67028,9,7448
Round 8,57346,9,6372
Round 9,102603,9,11400
Round 10,75632,9,8404
Round 11,80161,9,8907
Round 12,78458,9,8718
Round 13,77550,9,8617
Round 14,77158,9,8573
Round 15,90054,9,10006
Round 16,68132,9,7570
Round 17,53391,9,5932
Round 18,56237,9,6249
Round 19,70048,9,7783
Round 20,56986,9,6332
Round 21,83096,9,9233
Round 22,94146,9,10461
Round 23,72055,9,8006
Round 24,103232,9,11470
Round 25,51579,9,5731
Round 26,102719,9,11413
Round 27,63781,9,7087
Round 28,77741,9,8638
Round 29,63747,9,7083
Round 30,75064,9,8340
Round 31,53837,9,5982
Round 32,71640,9,7960
Round 33,57436,9,6382
Round 34,55940,9,6216
Total,2496510,306,8159

```
Which 'Round' has the second from the bottom value in the 'GP.' column ?

Return only the value, with no additional words, punctuation, or explanation.
If you are unsure, return the most likely value from your knowledge; do not guess or make something up."
https://en.wikipedia.org/wiki/2023_Rugby_World_Cup_statistics,Attendance,77604,['England vs Argentina'],-1,"Based on the following table: 
Top 10 most attended matches by stage at the 2023 Rugby World Cup.
```
Rank,Attendance,Match,Stage
1,80065,New Zealand vs South Africa,F
2,79486,France vs South Africa,QF
3,78845,Ireland vs New Zealand,QF
4,78680,France vs New Zealand,PM
5,78542,South Africa vs Ireland,PM
6,78459,Ireland vs Scotland,PM
7,78098,England vs South Africa,SF
8,77653,New Zealand vs Argentina,SF
9,77604,England vs Argentina,BF
10,75770,Australia vs Georgia,PM

```
Which 'Match' has the second from the bottom value in the 'Attendance' column ?

Return only the value, with no additional words, punctuation, or explanation.
If you are unsure, return the most likely value from your knowledge; do not guess or make something up."
https://en.wikipedia.org/wiki/AACTA_Award_for_Best_Documentary_Series,Year,Kokoda,"['Liberal Rule - The Politics That Changed Australia', 'Addicted to Money', 'Disable Bodied Sailors', 'Kokoda']",1,"Based on the following table: 
Winners and nominees of the AACTA Award for Best Documentary Series from 2009 to 2010.
```
Year,Film,Producer(s),Network
2009,First Australians,""Darren Dale, Rachel Perkins, Helen Panckhurst"",SBS
2009,Beyond Kokoda,Stig Schnell and Shaun Gibbons,Foxtel
2009,Once Bitten,Beth Frey and Janette Howe,SBS
2009,Voices from the Cape,David Selvarajah Vadiveloo and Anna Kaplan,ABC1
2010,Liberal Rule - The Politics That Changed Australia,Nick Torrens and Frank Haines,SBS
2010,Addicted to Money,Andrew Ogilvie and Andrea Quesnelle,ABC
2010,Disable Bodied Sailors,Karina Holden and Nick Robinson,SBS
2010,Kokoda,Andrew Wiseman,ABC1

```
Which 'Film' has the second from the bottom value in the 'Year' column ?

Return only the value, with no additional words, punctuation, or explanation.
If you are unsure, return the most likely value from your knowledge; do not guess or make something up."
https://en.wikipedia.org/wiki/AACTA_Award_for_Best_Feature_Length_Documentary,Year,In the Shadow of the Hill,"['Storm Surfers 3D', 'A Common Purpose', 'The Curse of the Gothic Symphony', ""Dr Sarmast's Music School""]",0,"Based on the following table: 
Winners and nominees of the AACTA Award for Best Feature Length Documentary from 2011 to 2017.
```
Year,Film,Producer(s)
2011,Mrs Carey's Concert,""Bob Connolly, Helen Panckhurst and Sophie Raymond""
2011,Life in Movement,Sophie Hyde and Bryan Mason
2011,Shut Up Little Man! An Audio Misadventure,Sophie Hyde and Matthew Bate
2011,The Tall Man,Darren Dale
2012,Storm Surfers 3D,Ellenor Cox and Marcus Gillezeau
2012,A Common Purpose,Mitzi Goldman
2012,The Curse of the Gothic Symphony,Veronica Fury
2012,Dr Sarmast's Music School,Beth Frey
2013,Red Obsession,Warwick Ross
2013,I Am A Girl,Rebecca Barry
2013,Once My Mother,Rod Freedman
2013,Shadow of Doubt,Eve Ash
2014,Ukraine is Not a Brothel,""Kitty Green, Jonathan auf der Heide and Michael Latham""
2014,All This Mayhem,""George Pank, Eddie Martin and James Gay-Rees""
2014,Deepsea Challenge 3D,Andrew Wight and Brett Popplewell
2014,The Last Impresario,Nicole O'Donohue
2015,That Sugar Film,Nick Batzias and Damon Gameau
2015,Gayby Baby,Charlotte Mars
2015,Only the Dead,Patrick McDonald and Michael Ware
2015,Sherpa,Bridget Ikin and John Smithson
2015,Women He's Undressed,Damien Parer and Gillian Armstrong
2016,Chasing Asylum,Eva Orner
2016,In the Shadow of the Hill,Dan Jackson
2016,Remembering the Man,Nickolas Bird and Eleanor Sharpe
2016,Snow Monkey,Lizzette Atkins and George Gittoes
2017,Casting JonBenet,""Kitty Green, Scott Macaulay, James Schamus""
2017,David Stratton: A Cinematic Life,Jo-anne McGowan
2017,Deep Water: The Real Story,Darren Dale
2017,Whiteley,""Sue Clothier, James Bogle, Peta Ayers""
2017,Zach's Ceremony,""Sarah Linton, Alec Doomadgee""

```
Which 'Film' has the second from the bottom value in the 'Year' column ?

Return only the value, with no additional words, punctuation, or explanation.
If you are unsure, return the most likely value from your knowledge; do not guess or make something up."
https://en.wikipedia.org/wiki/AEX_index,Index weighting (%),0.78,['ASR Nederland'],-1,"Based on the following table: 
Constituent companies of the AEX index with their sectors, ticker symbols, and index weightings.
```
Company,ICB Sector,Ticker symbol,Index weighting (%)
ABN AMRO,Financials,ABN,0.78
Adyen,Industrials,ADYEN,4.82
Aegon,Financials,AGN,0.89
Ahold Delhaize,Consumer Staples,AD,3.41
AkzoNobel,Basic Materials,AKZA,1.13
ArcelorMittal,Basic Materials,MT,1.09
ASM International,Technology,ASM,2.99
ASML Holding,Technology,ASML,11.43
ASR Nederland,Financials,ASRNL,0.77
BE Semiconductors,Technology,BESI,1.16
DSM Firmenich AG,Consumer Staples,DSFIR,2.37
Exor,Financials,EXO,1.06
Heineken,Consumer Staples,HEIA,2.25
IMCD,Basic Materials,IMCD,0.93
ING Group,Financials,INGA,5.73
KPN,Telecommunications,KPN,1.58
NN Group,Financials,NN,1.3
Philips,Health Care,PHIA,2.16
Prosus,Technology,PRX,6.39
Randstad,Industrials,RAND,0.42
RELX,Consumer Discretionary,REN,9.38
Shell plc,Energy,SHELL,14.92
Universal Music Group,Consumer Discretionary,UMG,2.05
Unilever,Consumer Staples,UNA,16.46
Wolters Kluwer,Consumer Discretionary,WKL,4.54

```
Which 'Company' has the second from the bottom value in the 'Index weighting (%)' column ?

Return only the value, with no additional words, punctuation, or explanation.
If you are unsure, return the most likely value from your knowledge; do not guess or make something up."
https://en.wikipedia.org/wiki/ARIA_Award_for_Best_Female_Artist,Wins,2,"['Kasey Chambers', 'Wendy Matthews', 'Sia']",-1,"Based on the following table: 
Artists with multiple wins of the ARIA Award for Best Female Artist
```
Wins,Artist
3,Kasey Chambers
3,Wendy Matthews
3,Sia
2,Kate Ceberano
2,Missy Higgins
2,Natalie Imbruglia
2,Kimbra
2,Jenny Morris

```
Which 'Artist' has the second from the bottom value in the 'Wins' column ?

Return only the value, with no additional words, punctuation, or explanation.
If you are unsure, return the most likely value from your knowledge; do not guess or make something up."
https://en.wikipedia.org/wiki/ARIA_Award_for_Best_Male_Artist,Nominations,2,"['Nick Cave', 'Stephen Cummings', 'Gotye', 'Pete Murray', 'Josh Pyke', 'Troye Sivan', 'Keith Urban', 'Chris Wilson']",-1,"Based on the following table: 
Artists with multiple nominations for the ARIA Award for Best Male Artist.
```
Nominations,Artist
18,Paul Kelly
7,John Farnham
7,Jimmy Barnes
7,Guy Sebastian
6,John Butler
5,Tex Perkins
5,Alex Lloyd
4,Diesel
4,Dan Kelly
4,Vance Joy
4,Ben Lee
4,Dan Sultan
4,Geoffrey Gurrumul Yunupingu
3,Nick Cave
3,Stephen Cummings
3,Gotye
3,Pete Murray
3,Josh Pyke
3,Troye Sivan
3,Keith Urban
3,Chris Wilson
2,Peter Blakeley
2,Daryl Braithwaite
2,Matt Corby
2,Paul Dempsey
2,Bob Evans
2,Bernard Fanning
2,Tim Finn
2,Flume
2,Dave Graney
2,Illy
2,Ed Kuepper
2,Dean Lewis
2,Paul Mac
2,Tim Rogers
2,Mark Seymour

```
Which 'Artist' has the second from the bottom value in the 'Nominations' column ?

Return only the value, with no additional words, punctuation, or explanation.
If you are unsure, return the most likely value from your knowledge; do not guess or make something up."
https://en.wikipedia.org/wiki/ARIA_Award_for_Engineer_of_the_Year,Year,Eric J Debowsky,"[nan, 'Chris Collins', 'Dom Dolla', 'Eric J Debowsky', 'Luke Steele, Nick Littlemore and Peter Mayes', 'Tony Buchen']",1,"Based on the following table: 
Winners and nominees of the ARIA Award for Engineer of the Year by year, credited engineers, and their associated works.
```
Year,Engineer(s),Work title(s) and original recording artist(s)
2023,,
2023,Styalz Fuego,""""""Rush"""" by Troye Sivan""
2023,""Dann Hume, Chris Collins, Matt Corby"",Everything's Fine by Matt Corby
2023,Dom Dolla,""""""Eat Your Man"""" by Dom Dolla""
2023,""Eric J Dobowsky, Sam Teskey, Wayne Connelly"",The Winding Way by The Teskey Brothers
2023,""Simon Cohen, Dave Hammer"",Struggler by Genesis Owusu
2024,,
2024,Chris Collins,Pratts & Pain by Royel Otis
2024,Dom Dolla,""""""Saving Up"""" by Dom Dolla""
2024,Eric J Debowsky,Cape Forestier by Angus & Julia Stone
2024,""Luke Steele, Nick Littlemore and Peter Mayes"",Ask That God by Empire of the Sun
2024,Tony Buchen,Chorus by Mildlife

```
Which 'Engineer(s)' has the second from the bottom value in the 'Year' column ?

Return only the value, with no additional words, punctuation, or explanation.
If you are unsure, return the most likely value from your knowledge; do not guess or make something up."
https://en.wikipedia.org/wiki/ASEAN_PGA_Tour,Prize money (US$),2011,[2010],0,"Based on the following table: 
Winners and prize money of the ASEAN PGA Tour from 2008 to 2016.
```
Year,Winner,Prize money (US$)
2016,Gunn Charoenkul,
2015,Prayad Marksaeng,
2014,Gunn Charoenkul,34299.0
2013,Kwanchai Tannin,35630.0
2012,Nicholas Fung,31884.0
2011,Wisut Artjanawat,24001.0
2010,Juvic Pagunsan,25451.0
2009,Namchok Tantipokhakul,27540.0
2008,Angelo Que,32210.0

```
Which 'Year' has the second from the bottom value in the 'Prize money (US$)' column ?

Return only the value, with no additional words, punctuation, or explanation.
If you are unsure, return the most likely value from your knowledge; do not guess or make something up."
https://en.wikipedia.org/wiki/Abaqulusi_Local_Municipality,Code,52911,['Bhekuzulu'],-1,"Based on the following table: 
""Key statistics of main places in Abaqulusi Local Municipality""
```
Place,Code,Area (km2),Population
Bhekuzulu,52902,3.67,20336
Coronation,52903,3.02,2430
eMondlo,52904,5.78,22085
Enyati Anthracide Mine,52905,2.6,879
Hlahlindlela,52906,265.13,59601
Hlobane,52907,24.17,6042
Kandas Prison,52908,1.08,1860
Khambi,52909,194.23,1693
Louwsburg,52910,12.7,3117
Ndebele,52911,4.49,516
Ngotshe,52912,183.77,1433
Vryheid,52913,16.74,15021
Vulindlela,52914,16.12,2366
Zulu/Khambi,52915,60.7,6261
Remainder of the municipality,52901,3389.45,47386

```
Which 'Place' has the second from the bottom value in the 'Code' column ?

Return only the value, with no additional words, punctuation, or explanation.
If you are unsure, return the most likely value from your knowledge; do not guess or make something up."
https://en.wikipedia.org/wiki/Academy_Award_for_Best_Actress,Wins,2,['Frances McDormand'],-1,"Based on the following table: 
Actresses with multiple Academy Award wins for Best Actress and their nomination counts.
```
Wins,Actress,Nominations
4,Katharine Hepburn,12
3,Frances McDormand,3
2,Meryl Streep,17
2,Bette Davis,11
2,Ingrid Bergman,6
2,Jane Fonda,6
2,Elizabeth Taylor,5
2,Olivia de Havilland,4
2,Glenda Jackson,4
2,Jodie Foster,3
2,Sally Field,2
2,Vivien Leigh,2
2,Luise Rainer,2
2,Emma Stone,2
2,Hilary Swank,2

```
Which 'Actress' has the second from the bottom value in the 'Wins' column ?

Return only the value, with no additional words, punctuation, or explanation.
If you are unsure, return the most likely value from your knowledge; do not guess or make something up."
https://en.wikipedia.org/wiki/Academy_Award_for_Best_Director,Year,The Heiress,"['How Green Was My Valley', 'Here Comes Mr. Jordan', 'Sergeant York', 'Citizen Kane', 'The Little Foxes']",0,"Based on the following table: 
Directors and their nominated films for the Academy Award for Best Director from 1940 to 1949.
```
Year,Director(s),Film
1940,John Ford,The Grapes of Wrath
1940,George Cukor,The Philadelphia Story
1940,Alfred Hitchcock,Rebecca
1940,Sam Wood,Kitty Foyle
1940,William Wyler,The Letter
1941,John Ford,How Green Was My Valley
1941,Alexander Hall,Here Comes Mr. Jordan
1941,Howard Hawks,Sergeant York
1941,Orson Welles,Citizen Kane
1941,William Wyler,The Little Foxes
1942,William Wyler,Mrs. Miniver
1942,Michael Curtiz,Yankee Doodle Dandy
1942,John Farrow,Wake Island
1942,Mervyn LeRoy,Random Harvest
1942,Sam Wood,Kings Row
1943,Michael Curtiz,Casablanca
1943,Clarence Brown,The Human Comedy
1943,Henry King,The Song of Bernadette
1943,Ernst Lubitsch,Heaven Can Wait
1943,George Stevens,The More the Merrier
1944,Leo McCarey,Going My Way
1944,Alfred Hitchcock,Lifeboat
1944,Henry King,Wilson
1944,Otto Preminger,Laura
1944,Billy Wilder,Double Indemnity
1945,Billy Wilder,The Lost Weekend
1945,Clarence Brown,National Velvet
1945,Alfred Hitchcock,Spellbound
1945,Leo McCarey,The Bells of St. Mary's
1945,Jean Renoir,The Southerner
1946,William Wyler,The Best Years of Our Lives
1946,Clarence Brown,The Yearling
1946,Frank Capra,It's a Wonderful Life
1946,David Lean,Brief Encounter
1946,Robert Siodmak,The Killers
1947,Elia Kazan,Gentleman's Agreement
1947,George Cukor,A Double Life
1947,Edward Dmytryk,Crossfire
1947,Henry Koster,The Bishop's Wife
1947,David Lean,Great Expectations
1948,John Huston,The Treasure of the Sierra Madre
1948,Anatole Litvak,The Snake Pit
1948,Jean Negulesco,Johnny Belinda
1948,Laurence Olivier,Hamlet
1948,Fred Zinnemann,The Search
1949,Joseph L. Mankiewicz,A Letter to Three Wives
1949,Carol Reed,The Fallen Idol
1949,Robert Rossen,All the King's Men
1949,William A. Wellman,Battleground
1949,William Wyler,The Heiress

```
Which 'Film' has the second from the bottom value in the 'Year' column ?

Return only the value, with no additional words, punctuation, or explanation.
If you are unsure, return the most likely value from your knowledge; do not guess or make something up."
https://en.wikipedia.org/wiki/Aconitine,Dose data (mg/kg),0.131,['Human'],-1,"Based on the following table: 
Toxicity data of aconitine in various species under different test types and exposure routes.
```
Species observed,Type of test,Route of exposure,Dose data (mg/kg),Toxic effects
Human,LDLo,Oral,0.028,""Behavioral: excitement Gastrointestinal: hypermotility, diarrhea Gastrointestinal: other changes""
Human,LDLo,Oral,0.029,Details of toxic effects not reported other than lethal dose value
Cat,LD50,Intravenous,0.08,Behavioral: convulsions or effect on seizure threshold
Cat,LDLo,Subcutaneous,0.1,Details of toxic effects not reported other than lethal dose value
Guinea pig,LD50,Intravenous,0.06,Behavioral: convulsions or effect on seizure threshold
Guinea pig,LDLo,Subcutaneous,0.05,Details of toxic effects not reported other than lethal dose value
Guinea pig,LDLo,Intravenous,0.025,Cardiac: arrhythmias
Mouse,LD50,Intraperitoneal,0.27,Details of toxic effects not reported other than lethal dose value
Mouse,LD50,Intravenous,0.1,""Sense Organs and Special Senses : lacrimation Behavioral: convulsions or effect on seizure threshold Lungs, Thorax, or Respiration: dyspnea""
Mouse,LD50,Oral,1.0,Details of toxic effects not reported other than lethal dose value
Mouse,LD50,Subcutaneous,0.27,Details of toxic effects not reported other than lethal dose value
Mouse,LDLo,Intraperitoneal,0.1,Details of toxic effects not reported other than lethal dose value
Mouse,LDLo,Oral,1.0,""Behavioral: convulsions or effect on seizure threshold Cardiac: arrhythmias  Gastrointestinal: hypermotility, diarrhea""
Mouse,TDLo,Subcutaneous,0.0549,Peripheral Nerve and Sensation: local anesthetic Behavioral: analgesia
Rabbit,LDLo,Subcutaneous,0.131,Details of toxic effects not reported other than lethal dose value
Rat,LD50,Intravenous,0.08,Behavioral: convulsions or effect on seizure threshold
Rat,LD50,Intravenous,0.064,Details of toxic effects not reported other than lethal dose value
Rat,LDLo,Intraperitoneal,0.25,""Cardiac: other changes Lungs, Thorax, or Respiration: dyspnea""
Rat,LDLo,Intravenous,0.04,Cardiac: arrhythmias
Rat,TDLo,Parenteral,0.04,Cardiac: arrhythmias
Frog,LDLo,Subcutaneous,0.586,Details of toxic effects not reported other than lethal dose value
Pigeon,LDLo,Subcutaneous,0.066,Details of toxic effects not reported other than lethal dose value

```
Which 'Species observed' has the second from the bottom value in the 'Dose data (mg/kg)' column ?

Return only the value, with no additional words, punctuation, or explanation.
If you are unsure, return the most likely value from your knowledge; do not guess or make something up."
https://en.wikipedia.org/wiki/Administrative_distance,Administrative distance,3400,['MPLS'],-1,"Based on the following table: 
Administrative distances assigned to various routing protocols
```
Routing protocol,Administrative distance
Directly connected,10
MPLS,20
Blackhole,50
Static,1100
HostMobility,1150
ICMP-Redirect,1200
Fabric,1699
eBGP,1700
iBGP,1900
OSPFintra,2200
OSPFinter,2300
IS-IS,2350
IS-IS L1,2360
IS-IS L2,2370
RIP,2400
OSPF AS Ext,3100
OSPF Ext1,3200
OSPF Ext2,3300
IS-IS L1 Ext,3400
IS-IS L2 Ext,3500
Bootp,5000

```
Which 'Routing protocol' has the second from the bottom value in the 'Administrative distance' column ?

Return only the value, with no additional words, punctuation, or explanation.
If you are unsure, return the most likely value from your knowledge; do not guess or make something up."
https://en.wikipedia.org/wiki/Afro-Asian_Club_Championship,Winners,0,"['Thailand', 'Algeria']",-1,"Based on the following table: 
Nations and their performance in the Afro-Asian Club Championship.
```
Nation,Winners,Runners-up
Egypt,3,1
South Korea,2,2
Morocco,2,1
Tunisia,2,0
Thailand,1,1
Algeria,1,0
Japan,0,2
Iran,0,1
Qatar,0,1
Saudi Arabia,0,1
South Africa,0,1

```
Which 'Nation' has the second from the bottom value in the 'Winners' column ?

Return only the value, with no additional words, punctuation, or explanation.
If you are unsure, return the most likely value from your knowledge; do not guess or make something up."
https://en.wikipedia.org/wiki/Aircraft_carrier_operations_during_World_War_II,Carrier Lost-Time Involvements,6.0,['Mines'],-1,"Based on the following table: 
Causes and outcomes of aircraft carrier damage incidents during World War II.
```
Causes For Damage,Carrier Lost-Time Involvements,Carriers Sunk,Per cent of Lost-Time Incidents,Per cent Of Carriers Sunk,Percentage of Sinkings To Incidents
Bombs,58.0,18.0,25%,44%,31%
Kamikazes,44.0,3.0,19%,7%,7%
Storms & Typhoons,30.0,,13%,,0%
Submarine Torpedoes,29.0,17.0,13%,41%,59%
Collisions,29.0,,13%,,0%
Aircraft Accidents,15.0,,7%,,0%
Aerial Torpedoes,14.0,9.0,6%,22%,64%
Warship Gunfire,6.0,3.0,3%,7%,50%
Mines,3.0,,1%,,0%
All Other Causes,15.0,1.0,7%,2%,7%
Total Lost-Time Involvements,243.0,51.0,106%,124%,21%
Aerial Weapons,116.0,30.0,51%,73%,26%
Surface Weapons,38.0,20.0,17%,49%,53%
Other Causes,89.0,1.0,39%,2%,1%
Total Lost-Time Involvements,243.0,51.0,106%,124%,21%
Incidents Involving Multiple Causes,-14.0,-10.0,-6%,-24%,
Total Lost-Time Incidents,229.0,41.0,100%,100%,18%

```
Which 'Causes For Damage' has the second from the bottom value in the 'Carrier Lost-Time Involvements' column ?

Return only the value, with no additional words, punctuation, or explanation.
If you are unsure, return the most likely value from your knowledge; do not guess or make something up."
https://en.wikipedia.org/wiki/Albert_Luthuli_Local_Municipality,Code,80119,['Badplaas'],-1,"Based on the following table: 
Towns and settlements in Albert Luthuli Local Municipality with their codes, area, population, and predominant language.
```
Place,Code,Area (km2),Population,Most spoken language
Badplaas,80102,0.86,276,""Swazi, Afrikaans""
Bhevula,80103,11.91,4092,Swazi
Carolina,80104,18.69,2952,""Afrikaans, Zulu""
Diepgezet,80105,4.89,229,Swazi
Duma,80106,28.8,1760,Zulu
Eerstehoek,80107,638.65,41780,Zulu
Ekulundeni,80108,1.49,4490,Swazi
Embhuleni,80109,63.37,45249,Swazi
Emfumbeni,80110,24.29,1314,Zulu
Emjindini,80111,12.41,1202,Swazi
Empuluzi,80112,0.28,3,Swazi
Enikakuyengwa,80113,73.34,9235,Swazi
Lukwatini,80114,4.86,5181,Swazi
Mandlamakhulu,80115,17.87,1067,Swazi
Mpisikazi,80116,49.57,19415,Zulu
Mpuluzi,80117,7.84,11855,Zulu
Ndlela,80118,14.56,3012,Swazi
Sandleni,80119,27.06,544,Zulu
Silobela,80120,1.97,9167,Zulu
Steynsdorp,80121,1.14,585,Swazi
Tshabalala,80122,2.32,3296,Zulu
Remainder of the municipality,80101,4566.75,21242,Swazi

```
Which 'Place' has the second from the bottom value in the 'Code' column ?

Return only the value, with no additional words, punctuation, or explanation.
If you are unsure, return the most likely value from your knowledge; do not guess or make something up."
https://en.wikipedia.org/wiki/Aleksinac,Population,13,['Russians'],-1,"Based on the following table: 
Ethnic composition and population distribution in Aleksinac.
```
Ethnic group,Population,%
Serbs,47563,91.71%
Roma,1937,3.73%
Macedonians,98,0.19%
Montenegrins,68,0.13%
Croats,50,0.10%
Yugoslavs,49,0.09%
Bulgarians,45,0.09%
Muslims,37,0.07%
Slovenians,30,0.06%
Vlachs,21,0.04%
Romanians,20,0.04%
Albanians,18,0.03%
Hungarians,16,0.03%
Russians,15,0.03%
Gorani,13,0.03%
Others,1883,3.63%
Total,51863,

```
Which 'Ethnic group' has the second from the bottom value in the 'Population' column ?

Return only the value, with no additional words, punctuation, or explanation.
If you are unsure, return the most likely value from your knowledge; do not guess or make something up."
https://en.wikipedia.org/wiki/Amahlathi_Local_Municipality,Code,21325,['Amantinde'],-1,"Based on the following table: 
Towns and settlements in Amahlathi Local Municipality with their codes, area sizes, and populations.
```
Place,Code,Area (km2),Population
Amahlathi,21301,86.06,11511
Amantinde,21302,2.83,2148
Amazizi,21303,258.26,13230
Cathcart,21304,51.47,2073
Cumakala,21305,3.48,12424
Daliwe,21306,0.53,2704
Dohne,21307,0.42,0
Eluxolweni,21308,11.66,2372
Emthonjeni,21309,7.17,1242
Frankfort,21310,0.28,362
Gxulu,21311,0.73,96
Heckel,21312,6.07,462
Hlubi,21313,1.0,2145
Katikati,21314,8.16,3212
Keiskammahoek North,21316,370.99,22455
Keiskammahoek,21315,5.38,2302
Lusikisiki,21317,18.49,523
Marienthal,21318,0.73,130
Ngqika,21319,172.63,9534
Peelton,21320,18.86,13035
Stutterheim Part 1,21321,67.58,5052
Stutterheim Part 2,21327,6.17,4962
Toise,21322,73.59,2757
Zali's Location,21323,19.14,1364
Zibula,21324,49.76,3570
Zwelitsha,21325,37.74,8651
Remainder of the municipality,21326,2986.57,10705

```
Which 'Place' has the second from the bottom value in the 'Code' column ?

Return only the value, with no additional words, punctuation, or explanation.
If you are unsure, return the most likely value from your knowledge; do not guess or make something up."
https://en.wikipedia.org/wiki/Antipodes_Islands,Area (ha),8.5,['Archway Island'],-1,"Based on the following table: 
Areas of the Antipodes Islands by location
```
Location,Area (ha)
Antipodes Island,2014.8
Bollons Island,52.6
Leeward Island,12.5
East Windward Island,8.5
West Windward Island,7.0
Archway Island,6.3
Orde Lees Islet,1.8
Total,2103.7

```
Which 'Location' has the second from the bottom value in the 'Area (ha)' column ?

Return only the value, with no additional words, punctuation, or explanation.
If you are unsure, return the most likely value from your knowledge; do not guess or make something up."
https://en.wikipedia.org/wiki/Appinite,Appinite Meenalargan,37.0,['Y'],-1,"Based on the following table: 
Trace element concentrations (ppm) in various appinite samples from Meenalargan, Narin-Portnoo, Serie dei Laghi, and Laocheng.
```
Trace elements ppm,Appinite Meenalargan,Appinite Narin-Portnoo,Appinite Serie dei Laghi 1,Appinite Serie dei Laghi 2,Laocheng Appinite 1,Laocheng Appinite 2
Pb,,11.0,,,4.9,4.94
Ni,95.0,35.0,22.0,128.0,127.0,125.0
Cr,,,93.0,374.0,650.0,677.0
V,271.0,230.0,,,193.0,194.0
Zr,76.0,62.0,114.0,141.0,72.2,69.1
Y,30.0,18.0,33.0,24.0,17.1,17.5
Sr,813.0,415.0,401.0,370.0,635.0,596.0
Ba,336.0,,125.0,294.0,347.0,332.0
Rb,37.0,31.0,72.0,70.0,58.6,38.7
Nb,4.0,4.0,11.0,9.0,4.17,4.21

```
Which 'Trace elements ppm' has the second from the bottom value in the 'Appinite Meenalargan' column ?

Return only the value, with no additional words, punctuation, or explanation.
If you are unsure, return the most likely value from your knowledge; do not guess or make something up."
https://en.wikipedia.org/wiki/Apple_Music_100_Best_Albums,Number of albums,2,"['Motown', 'Punk', 'Singer-Songwriter']",-1,"Based on the following table: 
Genres represented and their share among Apple Music's 100 Best Albums.
```
Genre,Number of albums,Percentage
Hip-Hop/Rap,21,21%
Rock,18,18%
Pop,16,16%
Alternative,14,14%
R&B/Soul,11,11%
Electronic,4,4%
Hard rock,3,3%
Jazz,3,3%
Motown,2,2%
Punk,2,2%
Singer-Songwriter,2,2%
Country,1,1%
Latin,1,1%
Metal,1,1%
Roots Reggae,1,1%

```
Which 'Genre' has the second from the bottom value in the 'Number of albums' column ?

Return only the value, with no additional words, punctuation, or explanation.
If you are unsure, return the most likely value from your knowledge; do not guess or make something up."
"https://en.wikipedia.org/wiki/Arbus,_Sardinia",Arrivals in town,Canada,['Canada'],1,"Based on the following table: 
Countries of origin and number of arrivals in Arbus, Sardinia.
```
Country of origin,Arrivals in town
Germany,3335
France,2062
Switzerland,1508
Austria,501
Netherlands,446
United Kingdom,385
Spain,321
Belgium,265
United States of America,203
Canada,76
Australia,53

```
Which 'Country of origin' has the second from the bottom value in the 'Arrivals in town' column ?

Return only the value, with no additional words, punctuation, or explanation.
If you are unsure, return the most likely value from your knowledge; do not guess or make something up."
https://en.wikipedia.org/wiki/Argentina_at_the_2015_Pan_American_Games,Men,1.0,"['Archery', 'Beach volleyball', 'Bowling', 'Golf', 'Modern pentathlon', 'Racquetball', 'Tennis']",-1,"Based on the following table: 
Number of Argentine athletes by sport and gender at the 2015 Pan American Games.
```
Sport,Men,Women,Total
Archery,2.0,3.0,5
Athletics,6.0,5.0,11
Badminton,3.0,3.0,6
Basketball,12.0,12.0,24
Beach volleyball,2.0,2.0,4
Bowling,2.0,2.0,4
Boxing,5.0,2.0,7
Canoeing,10.0,7.0,17
Cycling,15.0,8.0,23
Equestrian,10.0,3.0,13
Fencing,7.0,7.0,14
Field hockey,16.0,16.0,32
Football,,18.0,18
Golf,2.0,2.0,4
Gymnastics,4.0,8.0,12
Handball,15.0,15.0,30
Judo,6.0,5.0,11
Modern pentathlon,2.0,2.0,4
Racquetball,2.0,2.0,4
Roller sports,3.0,3.0,6
Rowing,15.0,8.0,23
Rugby sevens,12.0,12.0,24
Sailing,11.0,5.0,16
Shooting,12.0,5.0,17
Softball,15.0,,15
Squash,3.0,3.0,6
Swimming,15.0,9.0,24
Synchronized swimming,,9.0,9
Table tennis,3.0,3.0,6
Taekwondo,3.0,2.0,5
Tennis,2.0,2.0,4
Triathlon,3.0,3.0,6
Volleyball,12.0,12.0,24
Water polo,13.0,13.0,26
Water skiing,4.0,1.0,5
Weightlifting,1.0,1.0,2
Wrestling,5.0,1.0,6
Total,253.0,214.0,467

```
Which 'Sport' has the second from the bottom value in the 'Men' column ?

Return only the value, with no additional words, punctuation, or explanation.
If you are unsure, return the most likely value from your knowledge; do not guess or make something up."
https://en.wikipedia.org/wiki/Argentina_at_the_2015_Parapan_American_Games,Men,2,['Wheelchair tennis'],-1,"Based on the following table: 
Argentina's competitors by sport and gender at the 2015 Parapan American Games
```
Sport,Men,Women,Total
Archery,1,0,1
Athletics,22,11,33
Boccia,7,3,10
Cycling,9,3,12
Football 5-a-side,10,0,10
Football 7-a-side,14,0,14
Goalball,6,0,6
Judo,5,3,8
Powerlifting,3,1,4
Swimming,18,7,25
Table tennis,12,4,16
Wheelchair basketball,12,12,24
Wheelchair rugby,12,0,12
Wheelchair tennis,2,0,2
Total,133,44,177

```
Which 'Sport' has the second from the bottom value in the 'Men' column ?

Return only the value, with no additional words, punctuation, or explanation.
If you are unsure, return the most likely value from your knowledge; do not guess or make something up."
https://en.wikipedia.org/wiki/Armenian_language,Armenian speakers,10000,"['Australia', 'Kuwait']",-1,"Based on the following table: 
Countries with significant Armenian-speaking populations and their main language variety
```
Country,Armenian speakers,Main variety
Armenia,3000000,Eastern
Russia,510000,Eastern
Lebanon,340000,Western
United States,240000,Western
Argentina,150000,Western
Georgia,150000,Western
Azerbaijan,120000,Eastern
Iran,110000,Eastern
Turkmenistan,84000,Western
France,70000,Western
Iraq,70000,Western
Turkey,67000,Western
Uzbekistan,66000,Western
Syria,60000,Western
Ukraine,50000,Western
Brazil,47000,Western
Canada,45000,Western
Germany,27000,Western
Greece,20000,Western
Kazakhstan,16000,Western
Spain,12000,Western
Australia,11000,Western
Kuwait,11000,Western
Jordan,10000,Western

```
Which 'Country' has the second from the bottom value in the 'Armenian speakers' column ?

Return only the value, with no additional words, punctuation, or explanation.
If you are unsure, return the most likely value from your knowledge; do not guess or make something up."
https://en.wikipedia.org/wiki/Asian_Cup_Winners%27_Cup,Titles,0,['Iran'],-1,"Based on the following table: 
Asian nations' performance in the Asian Cup Winners' Cup.
```
Nation,Titles,Runners-up,Total
Saudi Arabia,6,1,7
Japan,5,1,6
Iran,1,1,2
South Korea,0,3,3
Iraq,0,2,2
Bahrain,0,1,1
China,0,1,1
Hong Kong,0,1,1
United Arab Emirates,0,1,1

```
Which 'Nation' has the second from the bottom value in the 'Titles' column ?

Return only the value, with no additional words, punctuation, or explanation.
If you are unsure, return the most likely value from your knowledge; do not guess or make something up."
"https://en.wikipedia.org/wiki/Atlanta_campaign_order_of_battle:_First_phase,_Union",April 30,11863.0,['Cavalry Corps'],-1,"Based on the following table: 
Union army unit strengths during the first phase of the Atlanta campaign by army, corps, and monthly totals from April to August 1864.
```
Army,Corps,April 30,May 31,June 30,July 31,August 31
Army of the Cumberland,IV Corps,20538.0,17227,14956,13519,12118
Army of the Cumberland,XIV Corps,22696.0,23448,19607,18014,15249
Army of the Cumberland,XX Corps,20721.0,16801,14672,12578,12413
Army of the Cumberland,Cavalry Corps,8983.0,9848,9477,8427,7638
Army of the Cumberland,Total,72938.0,67324,58712,52538,47418
Army of the Tennessee,XV Corps,12517.0,12497,11788,9133,8670
Army of the Tennessee,XVI Corps,11863.0,10361,10744,9345,7818
Army of the Tennessee,XVII Corps,,9775,9262,6800,5935
Army of the Tennessee,Total,24380.0,32633,31794,25278,22423
Army of the Ohio,XXIII Corps,9854.0,9971,12906,11960,9981
Army of the Ohio,Cavalry Division,2951.0,2886,2658,1899,1936
Army of the Ohio,Total,12805.0,12857,15564,13859,11917
Military Division of the Mississippi,Grand Total,110123.0,112814,106070,91675,81758

```
Which 'Corps' has the second from the bottom value in the 'April 30' column ?

Return only the value, with no additional words, punctuation, or explanation.
If you are unsure, return the most likely value from your knowledge; do not guess or make something up."
"https://en.wikipedia.org/wiki/Atlanta_campaign_order_of_battle:_Second_phase,_Union",April 30,11863.0,['Cavalry Corps'],-1,"Based on the following table: 
Union army strength by army and corps during the second phase of the Atlanta campaign, April to August 1864.
```
Army,Corps,April 30,May 31,June 30,July 31,August 31
Army of the Cumberland,IV Corps,20538.0,17227,14956,13519,12118
Army of the Cumberland,XIV Corps,22696.0,23448,19607,18014,15249
Army of the Cumberland,XX Corps,20721.0,16801,14672,12578,12413
Army of the Cumberland,Cavalry Corps,8983.0,9848,9477,8427,7638
Army of the Cumberland,Total,72938.0,67324,58712,52538,47418
Army of the Tennessee,XV Corps,12517.0,12497,11788,9133,8670
Army of the Tennessee,XVI Corps,11863.0,10361,10744,9345,7818
Army of the Tennessee,XVII Corps,,9775,9262,6800,5935
Army of the Tennessee,Total,34155.0,32633,31794,25278,22423
Army of the Ohio,XXIII Corps,9854.0,9971,12906,11960,9981
Army of the Ohio,Cavalry Division,2951.0,2886,2658,1899,1936
Army of the Ohio,Total,12805.0,12857,15564,13859,11917
Military Division of the Mississippi,Grand Total,110123.0,112814,106070,91675,81758

```
Which 'Corps' has the second from the bottom value in the 'April 30' column ?

Return only the value, with no additional words, punctuation, or explanation.
If you are unsure, return the most likely value from your knowledge; do not guess or make something up."
https://en.wikipedia.org/wiki/Atlantic_slave_trade,Portuguese,382,['North America'],-1,"Based on the following table: 
""Enslaved Africans transported by European powers to various destinations during the Atlantic slave trade""
```
Destination,Portuguese,British,French,Spanish,Dutch,American,Danish,Total
Portuguese Brazil,4821127,3804,9402,1033,27702,1174,130,4864372
British Caribbean,7919,2208296,22920,5795,6996,64836,1489,2318251
French Caribbean,2562,90984,1003905,725,12736,6242,3062,1120216
Spanish Americas,195482,103009,92944,808851,24197,54901,13527,1061524
Dutch Americas,500,32446,5189,0,392022,9574,4998,444729
North America,382,264910,8877,1851,1212,110532,983,388747
Danish West Indies,0,25594,7782,277,5161,2799,67385,108998
Europe,2636,3438,664,0,2004,119,0,8861
Africa,69206,841,13282,66391,3210,2476,162,155568
did not arrive,748452,526121,216439,176601,79096,52673,19304,1818686
Total,5848266,3259443,1381404,1061524,554336,305326,111040,12521339

```
Which 'Destination' has the second from the bottom value in the 'Portuguese' column ?

Return only the value, with no additional words, punctuation, or explanation.
If you are unsure, return the most likely value from your knowledge; do not guess or make something up."
https://en.wikipedia.org/wiki/Auckland_Islands,Area (ha),0.3,['Beacon Rock'],-1,"Based on the following table: 
Locations and areas of islands in the Auckland Islands group
```
Location,Area (ha)
Auckland Island,45916.6
Adams Island,9695.8
Enderby Island,695.9
Disappointment Island,289.5
Rose Island,80.2
Ewing Island,58.3
Ocean Island,11.9
Detached Rock,7.5
Adams Rocks,7.5
Masked Island,5.7
Figure of Eight Island,5.3
Column Rocks,5.2
Dundas Island,4.9
Sugar Loaf Rocks,4.8
Monumental Island,4.3
Lantern Rocks,3.9
Green Island,3.0
Compadre Rock,2.8
Frenchs Island,1.9
Five Sisters Rocks,1.9
Yule Island,1.6
Friday Island,1.6
Pinnacle Rocks,1.5
Pillar Rock,1.2
Blanche Rock,1.0
Amherst Rock,0.8
Shag Rock,0.5
Beehive Rock,0.4
Beacon Rock,0.3
Davis Island,0.1
Archer Rock,0.1
Total,56816.1

```
Which 'Location' has the second from the bottom value in the 'Area (ha)' column ?

Return only the value, with no additional words, punctuation, or explanation.
If you are unsure, return the most likely value from your knowledge; do not guess or make something up."
https://en.wikipedia.org/wiki/Aude,Population,3258,"[""Salles-d'Aude""]",-1,"Based on the following table: 
Key housing and population statistics for selected towns in Aude.
```
Town,Population,Number of homes,Second homes,% second homes
Leucate,4428,16240,13662,84.1%
Gruissan,5000,13133,10492,79.9%
Fleury,3825,9910,7761,78.3%
Port-la-Nouvelle,5567,7514,4546,60.5%
Sigean,5477,3485,635,18.2%
Quillan,3258,2697,462,17.1%
Ouveillan,2463,1389,229,16.5%
Narbonne,54700,36842,5679,15.4%
Salles-d'Aude,3255,1767,261,14.8%

```
Which 'Town' has the second from the bottom value in the 'Population' column ?

Return only the value, with no additional words, punctuation, or explanation.
If you are unsure, return the most likely value from your knowledge; do not guess or make something up."
https://en.wikipedia.org/wiki/Aurealis_Award_for_Best_Children%27s_Fiction,Year,Mars Awakens,"['Shadow Sister: Dragonkeeper 5', 'Slaves of Socorro: Brotherband 4', 'Ophelia and the Marvellous Boy', 'The Last Viking Returns', 'Withering-by-Sea', ""Sunker's Deep""]",0,"Based on the following table: 
Winners and nominees of the Aurealis Award for Best Children's Fiction.
```
Year,Author(s),Work(s),Publisher
2013,Kirsty Murray*,The Four Seasons of Lucy McKenzie,Allen & Unwin
2013,Isobelle Carmody,""Kingdom of the Lost, book 2: Cloud Road"",Penguin Books Australia
2013,Jackie French,Refuge,HarperCollins
2013,Julie Hunt,Song for a scarlet runner,Allen & Unwin
2013,Shaun Tan,Rules of Summer,Hachette Australia
2013,Lian Tanner,Icebreaker: The Hidden 1,Allen & Unwin
2014,Carole Wilkinson*,Shadow Sister: Dragonkeeper 5,Black Dog Books
2014,John Flanagan,Slaves of Socorro: Brotherband 4,Random House Australia
2014,Karen Foxlee,Ophelia and the Marvellous Boy,Hot Key Books
2014,Norman Jorgensen & James Foley,The Last Viking Returns,Fremantle Press
2014,Judith Rossell,Withering-by-Sea,ABC Books
2014,Lian Tanner,Sunker's Deep,Allen & Unwin
2015,Meg McKinlay*,A Single Stone,Walker Books Australia
2015,Angelica Banks,A Week Without Tuesday,Allen & Unwin
2015,Jack Heath,The Cut-Out,Allen & Unwin
2015,Meg McKinlay,Bella and the Wandering House,Fremantle Press
2015,A. L. Tait,The Mapmaker Chronicles: Prisoner of the Black Hawk,Hachette Australia
2016,Kim Kane*,When the Lyrebird Calls,Allen & Unwin
2016,Angelica Banks,Blueberry Pancakes Forever,Allen & Unwin
2016,Lee Battersby,Magrit,Walker Books Australia
2016,Caleb Crisp,Somebody Stop Ivy Pocket,Bloomsbury
2016,Mick Elliott,The Turners,Hachette Australia
2016,Emily Rodda,The Hungry Isle,Omnibus Books
2017,Jessica Townsend*,Nevermoor,Hachette Australia
2017,Bren MacDibble,How to Bee,Allen & Unwin
2017,Jaclyn Moriarty,The Extremely Inconvenient Adventures of Bronte Mettlestone,Allen & Unwin
2017,Emily Rodda,The Shop at Hoopers Bend,HarperCollins Australia
2017,Jo Sandhu,The Exile,Penguin Random House Australia
2017,Lian Tanner,Accidental Heroes,Allen & Unwin
2018,Penni Russon*,The Endsister,Allen & Unwin
2018,Rebecca Lim,The Relic of the Blue Dragon,Allen & Unwin
2018,Jaclyn Moriarty,The Slightly Alarming Tales of the Whispering Wars,Allen & Unwin
2018,Lian Tanner,Secret Guardians,Allen & Unwin
2018,Gabrielle Wang,Ting Ting the Ghosthunter,Penguin Random House Australia
2018,Rhiannon Williams,Ottilie Cotter and the Narroway Hunt,Hardie Grant Egmont
2019,Bren MacDibble*,The Dog Runner,Allen & Unwin
2019,Amie Kaufman,Scorch Dragons,HarperCollins
2019,Rebecca Lim,Race for the Red Dragon,Allen & Unwin
2019,Rebecca McRitchie,Jinxed! the Curious Curse of Cora Bell,HarperCollins
2019,Emily Rodda,The Glimme,Scholastic
2019,Heather Waugh,The Lost Stone of SkyCity,Fremantle Press
2020,Zana Fraillon*,The Lost Soul Atlas,Lothian
2020,Nicholas J. Johnson,Tricky Nick,Pan
2020,Bren MacDibble,Across the Risen Sea,Allen & Unwin
2020,Frances Watts,The Chicken's Curse,Allen & Unwin
2020,Lili Wilkinson,Hodgepodge: How to make a pet monster,Allen & Unwin
2020,Sean Williams,Her Perilous Mansion,Allen & Unwin
2021,Karen Foxlee*,Dragon Skin,Allen & Unwin
2021,Anna Ciddor,The Boy Who Stepped Through Time,Allen & Unwin
2021,James Foley,Stellarphant,Fremantle
2021,Zana Fraillon & Phil Lesnie,The Curiosities,Hachette Australia
2021,Emily Gale & Nova Weetman,Elsewhere Girls,Text
2021,Nicholas Snelling,Barebum Billy,BAD DAD
2022,Melanie La'Brooy,The Wintrish Girl,UQP
2022,Victoria Carless,Gus and the Starlight,HarperCollins
2022,Karen Foxlee,The Wrath of the Woolington Wym,Allen & Unwin
2022,Zana Fraillon & Bren MacDibble,The Raven's Song,Allen & Unwin
2022,Emily Gale,The Goodbye Year,Text
2022,H. M. Waugh,Mars Awakens,Allen & Unwin

```
Which 'Work(s)' has the second from the bottom value in the 'Year' column ?

Return only the value, with no additional words, punctuation, or explanation.
If you are unsure, return the most likely value from your knowledge; do not guess or make something up."
https://en.wikipedia.org/wiki/Aurealis_Award_for_Best_Collection,Year,Team Queen,"['Oceanic', 'A Book of Endings', 'Slice of Life', 'Johnny Phillips Werewolf Detective']",0,"Based on the following table: 
Winners and nominees of the Aurealis Award for Best Collection by year, author/editor, collection, and publisher.
```
Year,Author & Editor,Collection,Publisher
2008,Sean Williams* & Russell B. Farr*,Magic Dirt: The Best of Sean Williams,Ticonderoga Publications
2008,Robert Hood,Creeping in Reptile Flesh,Altair Australia Books
2009,Greg Egan*,Oceanic,Gollancz
2009,Deborah Biancotti & Alisa Krasnostein,A Book of Endings,Twelfth Planet Press
2009,Paul Haines & Geoffrey Maloney,Slice of Life,The Mayne Press
2009,Robbie Matthews & Donna Hanson,Johnny Phillips Werewolf Detective,Australian Speculative Fiction
2010,Angela Slatter*,The Girl With No Hands,Ticonderoga Publications
2010,Rjurik Davidson,The Library of Forgotten Books,PS Publishing
2010,Bob Franklin,Under Stones,Affirm Press
2010,Angela Slatter,Sourdough and Other Stories,Tartarus Press
2010,Kaaron Warren,Dead Sea Fruit,Ticonderoga Publications
2011,Lisa L. Hannett*,Bluegrass Symphony,Ticonderoga Publications
2011,Deborah Biancotti,Bad Power,Twelfth Planet Press
2011,Paul Haines,Last Days of Kali Yuga,Brimstone Press
2011,Sue Isle,Nightsiders,Twelfth Planet Press
2011,Tansy Rayner Roberts,Love and Romanpunk,Twelfth Planet Press
2012,K. J. Bishop*,That Book Your Mad Ancestor Wrote,K. J. Bishop
2012,Isobelle Carmody,Metro Winds,Allen & Unwin
2012,Lisa L. Hannett & Angela Slatter,Midnight and Moonshine,Ticonderoga Publications
2012,Martin Livings,Living With the Dead,Dark Prints Press
2012,Kaaron Warren,Through Splintered Walls,Twelfth Planet Press
2013,Joanne Anderton*,The Bone Chime Song and Other Stories,FableCroft Publishing
2013,Thoraiya Dyer,Asymmetry,Twelfth Planet Press
2013,Kirstyn McDermott,Caution: Contains Small Parts,Twelfth Planet Press
2013,Cat Sparks,The Bride Price,Ticonderoga Publications
2013,Kim Wilkins,The Year of Ancient Ghosts,Ticonderoga Publications
2014,Lisa L. Hannett* & Angela Slatter*,The Female Factory,Twelfth Planet Press
2014,Rosaleen Love,Secret Lives,Twelfth Planet Press
2014,Ian McHugh,Angel Dust,Ticonderoga Publications
2014,Simon Petrie,""Difficult Second Album: more stories of Xenobiology, Space Elevators, and Bats Out of Hell"",Peggy Bright Books
2014,Angela Slatter,The Bitterwood Bible and Other Recountings,Tartarus Press
2014,Angela Slatter,Black-Winged Angels,Ticonderoga Publications
2015,Garth Nix*,To Hold the Bridge,Allen & Unwin
2015,Shane Jiraiya Cummings,The Abandonment of Grace and Everything After,Brimstone Press
2015,Dirk Flinthart,Striking Fire,FableCroft Publishing
2015,Deborah Kalin,Cherry Crow Children,Twelfth Planet Press
2015,Carole Nomarhas,The Fading,
2015,Anna Tambour,The Finest Ass in the Universe,Ticonderoga Publications
2016,Angela Slatter*,A Feast of Sorrows,Prime
2016,Alan Baxter,Crow Shine,Ticonderoga Publications
2016,Jack Dann,Concentration,PS Publishing
2016,Angela Slatter,Winter Children,PS Publishing
2017,Kate Forsyth* & Kim Wilkins*,The Silver Well,Ticonderoga Publications
2017,Peter M. Ball,The Birdcage Heart & Other Strange Tales,Brain Jar Press
2017,Donna Maree Hanson,Beneath the Floating City,
2017,Margo Lanagan,Singing My Sister Down and Other Stories,Allen & Unwin
2017,Tansy Rayner Roberts,Please Look After This Angel & Other Winged Stories,
2017,Deborah Sheldon,Perfect Little Stitches and Other Stories,IFWG Publishing
2018,Shaun Tan*,Tales from The Inner City,Allen & Unwin
2018,Peter M. Ball,Not Quite the End of the World,Brain Jar Press
2018,Margo Lanagan,Phantom Limbs,PS Publishing
2018,Kaaron Warren,Exploring Dark Short Fiction 2: A Primer to Kaaron Warren,Dark Moon Books
2019,J. S. Breukelaar*,Collision: Stories,Meerkat Press
2019,Aiki Flinthart,Blackbirds Sing,CAT Press
2019,Narrelle M. Harris,Scar Tissue and Other Stories,Clan Destine Press
2019,Pamela Jeffs,Five Dragons,Four Ink Press
2019,Margo Lanagan,Stray Bats,Small Beer Press
2019,Charlie Nash,Men and Machines I: Space Operas and Special Ops,Flying Nun Publications
2020,Angela Slatter*,The Heart is a Mirror for Sinners and Other Stories,PS Publishing
2020,Lisa L. Hannett,Songs for Dark Seasons,Ticonderoga Publications
2020,Juliet Marillier,Mother Thorn and Other Tales of Courage and Kindness,Serenity Press
2020,Tansy Rayner Roberts,Castle Charming,
2020,Tansy Rayner Roberts,Unreal Alchemy,
2020,Cat Sparks,Dark Harvest,NewCon Press
2021,Alan Baxter*,The Gulp,
2021,Eugen Bacon,Danged Black Thing,Transit Lounge
2021,Sean Williams,Little Labyrinths: Collection Microfictions,Brain Jar Press
2021,Angela Slatter,The Tallow-Wife & Other Tales,Tartarus Press
2021,Pamela Jeffs,The Terralight Collection,Four Ink Press
2022,Joanne Anderton,The Art of Broken Things,Trepidatio Publishing
2022,Alan Baxter,The Fall: Tales From The Gulp 2,13th Dragon Books
2022,Else Fitzgerald,Everything Feels Like the End of the World,Allen & Unwin
2022,Chris Flynn,Here be Leviathans,University of Queensland Press
2022,Kirstyn McDermott,Hard Places,Trepidatio Publishing
2022,Tansy Rayner Roberts,Team Queen,self-published

```
Which 'Collection' has the second from the bottom value in the 'Year' column ?

Return only the value, with no additional words, punctuation, or explanation.
If you are unsure, return the most likely value from your knowledge; do not guess or make something up."
https://en.wikipedia.org/wiki/Aurealis_Award_for_Best_Fantasy_Short_Story,Year,A Solace of Shadows,"['""The Sword of God""', '""Green Monkey Dreams""', '""Tattoo""', '""Of Fingers and Foreskins""', '""Our Swimmer""']",-1,"Based on the following table: 
Winners and nominees of the Aurealis Award for Best Fantasy Short Story by year, author, story title, and publication.
```
Year,Author(s),Short story,Publisher or publication
1995,Karen Attard*,""""""Harvest Bay"""""",Eidolon
1995,Petrina Smith,""""""Angel Thing"""""",Sybylla
1995,John T. Stolarczyk,""""""Sail On, Sail On"""""",Aurealis
1995,Kaaron Warren,""""""The Blue Stream"""""",Aurealis
1995,Andrew Whitmore,""""""The Other Side of Paradise"""""",Eidolon
1996,Russell Blackford*,""""""The Sword of God"""""",Penguin
1996,Isobelle Carmody,""""""Green Monkey Dreams"""""",Viking
1996,Matthew Condon,""""""Tattoo"""""",UQP
1996,Sara Douglass,""""""Of Fingers and Foreskins"""""",Eidolon
1996,Tim Richards,""""""Our Swimmer"""""",Allen & Unwin
1997,Lucy Sussex*,""""""Merlusine"""""",Roc
1997,Chris Gregory,""""""Jackie Chan"""""",Penguin
1997,Le Hang,""""""The River of Dreams"""""",Anchor
1997,Jodie Kewley,""""""Nicholas Afalling"""""",Eidolon
1997,Janeen Webb,""""""Death at the Blue Elephant"""""",HarperCollins
1998,Stephen Dedman*,""""""A Walk-On Part in the War"""""",Voyager
1998,Kerry Greenwood,""""""Jetsam"""""",Voyager
1998,Sean McMullen,""""""Queen of Soulmates"""""",Voyager
1998,Jane Routley,""""""To Avalon"""""",Voyager
1998,Keith Taylor,""""""The Bath-house"""""",Moonstone
1999,Trudi Canavan*,""""""Whispers of the Mist Children"""""",Aurealis
1999,Adam Browne,""""""Orlando's Third Trance"""""",HQ Magazine
1999,Lisa Jacobson,""""""The Language of Trees"""""",HQ Magazine
1999,Lucy Sussex,""""""The Queen of Erewhon"""""",F&SF
1999,Janeen Webb,""""""Incident on Wolfe Street"""""",HQ Magazine
2000,Geoffrey Maloney*,""""""The World According to Kipling """""",Aurealis
2000,Louise Cusack,""""""Goddess and the Geek"""""",Voyager
2000,Chris Kenworthy,""""""The Fruits of Habit"""""",Altair
2000,Margo Lanagan,""""""The Boy Who Didn't Yearn"""""",Allen & Unwin
2000,Kaaron Warren,""""""The Left Behind"""""",Orb
2001,Sue Isle*,""""""The Woman of Endor"""""",Orb
2001,Jack Dann,""""""The Diamond Pit"""""",Voyager
2001,Terry Dowling,""""""The Lagan Fishers"""""",Sci Fiction
2001,Matthew Farrer,""""""Tales from the True Desert"""""",CSFG Publishing
2001,Kaaron Warren,""""""The Speaker of Heaven"""""",Orb
2002,No award given,,
2003,Lucy Sussex*,""""""La Sentinelle"""""",Sandglass Enterprises
2003,Lily Chrywenstrom,""""""Tireki and the Wind"""""",Fables and Reflections
2003,Marianne de Pierres,""""""In the Bookshadow"""""",Dreamhaven Books
2003,Garth Nix,""""""Hope Chest"""""",Penguin Books
2004,Richard Harland*,""""""Catabolic Magic"""""",Aurealis
2004,Louise Katz*,""""""Weavers of the Twilight"""""",Agog!
2004,Lee Battersby,""""""Tales of Nireym"""""",Orb
2004,K. J. Bishop,""""""Alsiso"""""",Elastic Press
2004,Paul Haines,""""""The Gift of Hindsight"""""",Aurealis
2005,Richard Harland*,""""""The Greater Death of Saito Saku"""""",Agog!
2005,Rosaleen Love*,""""""Once Giants Roamed the Earth"""""",Aqueduct Press ; Agog!
2005,Adam Browne,""""""Heart of Saturday Night"""""",Lenox Avenue Ezine
2005,Terry Dartnall,""""""Ones and Zeros"""""",Neverary
2005,Dirk Flinthart,""""""The Red Priest's Homecoming"""""",Andromeda Spaceways Inflight Magazine
2006,Margo Lanagan*,""""""A Fine Magic"""""",Eidolon Books
2006,Lee Battersby,""""""Dark Ages"""""",Prime Books
2006,Stephanie Campisi,""""""Why the Balloon Man Floats Away"""""",Fantasy Magazine
2006,Lucy Sussex,""""""The Revenant"""""",Eidolon Books
2006,Anna Tambour,""""""See Here, See There"""""",Agog!
2007,Garth Nix*,""""""Sir Hereward and Mister Fitz Go to War Again"""""",Jim Baen's Universe
2007,R. J. Astruc,""""""The Perfume Eater"""""",Strange Horizons
2007,Adam Browne,""""""An Account of an Experiment by Adam Browne"""""",Orb
2007,Angela Slatter,""""""The Angel Wood"""""",Shimmer
2007,Cat Sparks,""""""A Lady of Adestan"""""",Orb
2008,Cat Sparks*,""""""Sammarynda Deep"""""",Senses Five Press
2008,Thoraiya Dyer,""""""Night Heron's Curse"""""",Andromeda Spaceways Inflight Magazine
2008,Karen Maric,""""""The Last Deflowerer"""""",Andromeda Spaceways Inflight Magazine
2008,Angela Slatter,""""""Dresses, Three"""""",Shimmer
2008,Kim Westwood,""""""Nightship"""""",HarperVoyager
2009,Christopher Green*,""""""Father's Kill"""""",Beneath Ceaseless Skies
2009,Ian McHugh*,""""""Once a Month, On a Sunday"""""",Andromeda Spaceways Inflight Magazine
2009,Tansy Rayner Roberts,""""""Siren Beat"""""",Twelfth Planet Press
2009,Angela Slatter,""""""Words"""""",The Lifted Brow
2009,Lucy Sussex,""""""Something Better than Death"""""",Aurealis
2010,Thoraiya Dyer*,""""""Yowie"""""",Twelfth Planet Press
2010,L. L. Hannett and Angela Slatter*,""""""The February Dragon"""""",Ticonderoga Publications
2010,Elizabeth Carroll,""""""The Duke of Vertumn's Fingerling"""""",Strange Horizons
2010,Andrew McKiernan,""""""All the Clowns in Clowntown"""""",Brimstone Press
2010,Angela Slatter,""""""Sister, Sister"""""",Tartarus Press
2011,Thoraiya Dyer*,""""""Fruit of the Pipal Tree"""""",FableCroft Publishing
2011,Margo Lanagan,""""""The Proving of Smollett Standforth"""""",HarperVoyager
2011,Margo Lanagan,""""""Into the Clouds on High"""""",Allen & Unwin
2011,Anthony Panegyres,""""""Reading Coffee"""""",Overland
2011,D. C. White,""""""The Dark Night of Anton Weiss"""""",Ticonderoga Publications
2012,Margo Lanagan*,""""""Bajazzle"""""",Twelfth Planet Press
2012,Joanne Anderton,""""""Sanaa's Army"""""",Ticonderoga Publications
2012,Isobelle Carmody,""""""The Stone Witch"""""",Random House
2012,Deborah Kalin,""""""First They Came"""""",Andromeda Spaceways Inflight Magazine 55
2012,Margo Lanagan,""""""The Isles of the Sun"""""",Twelfth Planet Press
2013,Jay Kristoff*,""""""The Last Stormdancer"""""",Thomas Dunne Books
2013,Tracie McBride,""""""The Touch of the Taniwha"""""",Dagan Books
2013,Ian McHugh,""""""Cold, Cold War"""""",Scott H. Andrews
2013,Kirstie Olley,""""""Short Circuit"""""",Oomph
2013,Kim Wilkins,""""""The Year of Ancient Ghosts"""""",Ticonderoga Publications
2014,Angela Slatter*,""""""St Dymphna's School for Poison Girls"""""",""Review of Australian Fiction, Volume 9, Issue 3""
2014,Thoraiya Dyer,""""""The Oud"""""",Crossed Genres Publications
2014,Deborah Kalin,""""""Teratogen"""""",Cemetery Dance 71
2014,Charlotte Nash,""""""The Ghost of Hepaestus"""""",FableCroft Publishing
2014,Angela Slatter,""""""The Badger Bride"""""",Tartarus Press
2015,Rowena Cory Daniells*,""""""The Giant's Lady"""""",Newcon Press
2015,Michelle Goldsmith,""""""The Jellyfish Collector"""""",""Review of Australian Fiction, Vol. 13, Issue 6""
2015,Lisa L. Hannett,""""""A Shot of Salt Water"""""",TDM Press
2015,D. K. Mok,""""""Almost Days"""""",FableCroft Publishing
2015,Faith Mudge,""""""Blueblood"""""",Ticonderoga Publications
2015,Suzanne J. Willis,""""""Husk and Sheaf"""""",SQ Mag 22
2016,Thoraiya Dyer*,""""""Where the Pelican Builds Her Nest"""""",FableCroft Publishing
2016,Tamlyn Dreaver,""""""Watercress Soup"""""",Andromeda Spaceways Magazine 65
2016,Jack Nicholls,""""""Dune Time"""""",Tor.com
2016,Garth Nix,""""""Penny For a Match, Mister?"""""",Saga Press
2016,David Versace,""""""The Lighthouse at Cape Defeat"""""",Aurealis 89
2016,Suzanne J. Willis,""""""The Cartographer's Price"""""",Mythic Delirium 3.1
2017,Tansy Rayner Roberts*,""""""The Curse is Come Upon Me, Cried"""""",self-published
2017,Freya Marske,""""""Hamelin's Graves"""""",Andromeda Spaceways Magazine 69
2017,Angela Slatter,""""""The Little Mermaid, in Passing"""""",Review of Australian Fiction Vol 22 Issue 1
2017,J. Ashley Smith,""""""Duplicity"""""",coeur de lion
2017,Marlee Jane Ward,""""""The Rainmaker Goddess, Hallowed Shaz"""""",Feminartsy
2017,Lili Wilkinson,""""""Oona Underground"""""",HarperCollins Publishers
2018,J. Ashley Smith*,""""""The Further Shore"""""",Bourbon Penn 15
2018,Alan Baxter,""""""Crying Demon"""""",Grey Matter Press
2018,Juliet Marillier,""""""Army Men"""""",Lancelot Schaubert
2018,Amanda J. Spedding,""""""Child of the Emptyness"""""",Grimdark Magazine 17
2018,David Versace,""""""A Moment's Peace"""""",CSFG Publishing
2018,Suzanne J. Willis,""""""Heartwood, Sapwood, Spring"""""",Ate Bit Bear
2019,Tansy Rayner Roberts,""""""Dragon By Subscription"""""",
2019,Joanne Anderton,""""""Loose Stones"""""",Brio Books
2019,Aidan Doyle,""""""1078 Reasons"""""",Translunar Travelers Lounge
2019,Aiki Flinthart,""""""Pigshit and Gold"""""",Dimension6 18
2019,Ephiny Gale Teare,""""""CurioQueens"""""",Constellary Tales Magazine 4
2019,Juliet Marillier,""""""Good Dog, Alice"""""",Titan Books
2020,Louise Pieper,""""""Truth Be Told"""""",Unnatural Order
2020,Nikky Lee,""""""The Dead May Dance"""""",Midnight Echo 15
2020,Garth Nix,""""""The Case of the Somewhat Mythic Sword"""""",Tor.com
2020,J. Z. Ting,""""""Terracotta Daughter"""""",Coppice & Brake
2020,Suzanne J. Willis,""""""A Solace of Shadows"""""",Three Crows Magazine #7

```
Which 'Short story' has the second from the bottom value in the 'Year' column ?

Return only the value, with no additional words, punctuation, or explanation.
If you are unsure, return the most likely value from your knowledge; do not guess or make something up."
https://en.wikipedia.org/wiki/Aurealis_Award_for_Best_Horror_Novella,Year,Hell's Teeth,"['""Burnt Sugar""', '""Box of Bones""', '""Served Cold""', 'Waking in Winter', '""Pan""']",-1,"Based on the following table: 
Winners and nominees of the Aurealis Award for Best Horror Novella from 2015 to 2021.
```
Year,Author(s),Novella,Publisher or publication
2015,Deborah Kalin*,""""""The Miseducation of Mara Lys"""""",Twelfth Planet Press
2015,Dirk Flinthart,""""""Night Shift"""""",FableCroft Publishing
2015,Deborah Kalin,""""""The Cherry Crow Children of Haverny Wood"""""",Twelfth Planet Press
2015,Deborah Kalin,""""""Wages of Honey"""""",Twelfth Planet Press
2015,Jay Kristoff,""""""Sleepless"""""",Penguin Books
2015,Angela Slatter,""""""Ripper"""""",Jo Fletcher Books
2016,Kirstyn McDermott*,""""""Burnt Sugar"""""",PS Publishing
2016,Jeremy Bates,""""""Box of Bones"""""",Ghillinnein Books
2016,Alan Baxter,""""""Served Cold"""""",PS Publishing
2016,Deborah Biancotti,Waking in Winter,PS Publishing
2016,Christopher Ruz,""""""Pan"""""",Andromeda Spaceways Inflight Magazine
2017,Chris Mason*,""""""The Stairwell"""""",Things in the Well
2017,Bates Jeremy,The Mailman,Ghillinnein Books
2017,Andrew Cull,Hope and Walker,Vermillion Press
2017,Michael Grey,""""""Bind"""""",Fox Spirit Books
2017,Angela Slatter,""""""No Good Deed"""""",Titan Books
2017,Kaaron Warren,""""""Furtherest"""""",Cemetery Press
2018,Kaaron Warren*,Crisis Apparition,Dark Moon Books
2018,Matthew R. Davis,""""""Andromeda Ascends"""""",Things in the Well
2018,David Kuraria,""""""Kopura Rising"""""",IFWG Publishing Australia
2018,Chris Mason,""""""The Black Sea"""""",Things in the Well
2018,Kirstyn McDermott,Triquetra,Tor.com
2018,Angela Rega,""""""With This Needle I Thee Thread"""""",Ticonderoga Publications
2019,Kaaron Warren*,""""""Into Bones Like Oil"""""",Meerkat Press
2019,Alan Baxter,""""""Yellowheart"""""",Grey Matter Press
2019,Matthew R. Davis,""""""Supermassive Black Mass"""""",
2020,Chris Mason*,""""""The Saltbush Queen"""""",Things in the Well
2020,J. Ashley-Smith,""""""The Attic Tragedy"""""",Meerkat Press
2020,Andrew Cull,""""""The Cockroach King"""""",Beneath Hell Publishing
2020,Michael Gardner,""""""Foundations"""""",Galaxy Press
2020,Robert Hood,""""""Bad Weather"""""",Things in the Well
2021,Alf Simpson*,""""""All the Long Way Down"",IFWG Publishing Australia
2021,Alan Baxter,""""""The Band Plays On"""""",
2021,Alister Hodge,Cryptid Killers,Severed Press
2021,Matthew R. Davis,""""""Hell's Teeth"""""",Specul8 Publishing
2021,Zachary Ashford,When the Cicadas Stop Singing,Horrific Tales Publishing

```
Which 'Novella' has the second from the bottom value in the 'Year' column ?

Return only the value, with no additional words, punctuation, or explanation.
If you are unsure, return the most likely value from your knowledge; do not guess or make something up."
https://en.wikipedia.org/wiki/Aurealis_Award_for_Best_Illustrated_Book_or_Graphic_Novel,Year,Monomyth,"['Scarygirl', 'The Silence', 'Secrets of Deltora', 'Hollow Fields']",0,"Based on the following table: 
Winners and nominees of the Aurealis Award for Best Illustrated Book or Graphic Novel by year, author, title, and publisher.
```
Year,Author(s),Illustrated book or graphic novel,Publisher
2008,Shaun Tan*,Tales from Outer Suburbia,Allen & Unwin
2008,Steve Hunt & David Richardson,The Cloudchasers,ABC Books
2008,Colin Thompson,The Floods Family Files,Random House
2008,Julie Watts,The Art of Graeme Base,Viking Press
2009,Nathan Jurevicius*,Scarygirl,Allen & Unwin
2009,Bruce Mutard,The Silence,Allen & Unwin
2009,Emily Rodda & Marc McBride,Secrets of Deltora,Scholastic
2009,Madeleine Rosca,Hollow Fields,Seven Seas Entertainment
2010,Justin Randall*,Changing Ways,Gestalt Publishing
2010,Nicki Greenberg,Shakespeare's Hamlet,Allen & Unwin
2010,Jason Paulos et al.,EEEK!: Weird Tales of Suspense,Black House Comics
2010,Jonathan Walker & Dan Hallett,Five Wounds: An Illustrated Novel,Black House Comics
2010,Rocky Wood & Glenn Chadbourne,Horrors: Great Stories of Fear and Their Creators,McFarlane & Co
2011,Mirranda Burton*,Hidden,Black Pepper Publishing
2011,Tom Taylor & James Brouwer *,The Deep: Here Be Dragons,Gestalt Publishing
2011,""Andrew Constant, Joh James , Nicola Scott , Emily Smith"",Torn,Gestalt Publishing
2011,Mozchops,Salsa Invertebraxa,Pecksniff Press
2011,Christian Read & Michael Maier,The Eldritch Kid: Whiskey and Hate,Gestalt Publishing
2012,Pat Grant*,Blue,Giromondo Publishing
2012,Tim Molloy,It Shines and Shakes and Laughs,Milk Shadow Books
2012,Justin Randall,Changing Ways 2,Gestalt Publishing
2013,Jackie Ryan*,Burger Force,Jackie Ryan
2013,Tom Taylor & James Brouwer*,""The Deep, Vol. 2: The Vanishing Island"",Gestalt Publishing
2013,Steve Carter & Antoinette Rydyr,Savage Bitch,Scar Studios
2013,Tim Molloy,Mr Unpronounceable Adventures,Milk Shadow Books
2013,Shane W. Smith,Peaceful Tomorrows Volume Two,Zetabella Publications
2014,Tim Molloy*,Mr Unpronounceable and the Sect of the Bleeding Eye,Milk Shadow Books
2014,Jason Franks & Paul Abstruse,Left Hand Path #1,Winter City Productions
2014,Jase Harper,Awkwood,Milk Shadow Books
2014,Kathleen Jennings,""""""A Small Wild Magic"""""",Candlewick Press
2014,Shane Smith,The Game,Deeper Meaning Publishing
2015,Shaun Tan*,The Singing Bones,Allen & Unwin
2015,""Gary Chaloner, Ben Templesmith and Ashley Wood"",The Undertaker Morton Stone Vol.1,Gestalt Publishing
2015,Jamie Clenett,The Diemenois,Hunter Publishers
2015,Christian Read,Unmasked Vol.1: Going Straight is No Way to Die,Gestalt Publishing
2015,,Fly the Colour Fantastica,Veriko Operative
2016,Ryan K. Lindsay*,Negative Space,Dark HorseComics
2016,Lance Balchin,Mechanica,The Five Mile Press
2016,James Foley,Brobot,Fremantle Press
2016,Josh Vann,The Spider King,
2017,Justin Randall*,Changing Ways 3,Gestalt Publishing
2017,Mike Barry,Action Tank,Mike Barry Was Here
2017,James Foley,Dungzilla,Fremantle Press
2017,Craig Phillips,""Giants, Trolls, Witches, Beasts"",Allen & Unwin
2017,Campbell Whyte,Home Time,Penguin Random House Australia
2017,Margo Lanagan  & Rovina Cai,Tintinnabula,Little Hare
2018,Shaun Tan*,Tales from the Inner City,Allen & Unwin
2018,Rob O'Connor,Deathship Jenny,
2018,Shaun Tan,Cicada,Hachette Australia
2019,Greg Rucka*  & Nicola Scott*,Black Magick,Image Comics
2019,Norm Harper & Louie Joyce,Haphaven,Lion Forge
2019,Tohby Riddle,Yahoo Creek,Allen & Unwin
2019,Krys Saclier,Super Nova,Ford Street
2019,Renee Treml,Sherlock Bones and the Natural History Mystery,Allen & Unwin
2020,Chris Gooch*,Under-Earth,Top Shelf
2020,Mike Barry,Action Tank: Book 2,Mike Barry Was Here
2020,Pat Grant,The Grot,Top Shelf / IDW
2020,Matt Stanton,The Odds,ABC Books
2021,Zana Fraillon*  & Phil Lesnie*,The Curiosities,Hachette Australia
2021,Jason Pamment,Treasure in the Lake,Allen & Unwin
2021,Ben Slabak  & Edoardo Natalini,Mechanix,Cloud 9
2021,Matthew Soall  & Ignacio Di Meglio,Killeroo: Semper Fidelis,OzComics
2022,Matt Ottley,The Tree of Ecstasy and Unbearable Sadness,Dirt Lane
2022,""Scott Wilson, Katie Houghton-Ward & Justin Randall"",Dark Heart #1,Gesalt
2022,Tom Taylor & Jon Sommariva,Neverlanders,Penguin Random House
2022,David Hazan,Nottingham Vol. 2: A King's Ransom,Mad Cave
2023,Jason Pamment,Ember and the Island of Lost Creatures,Allen and Unwin
2023,Jason Franks & Tam Morris,Frankenstein Monstrance Preview #1,IPI Comics
2023,Christof Bogacs & Beck Kubrick,MEAT4BURGERS,
2023,David Hazan & Cecilia Lo Valvo,Monomyth,Mad Cave

```
Which 'Illustrated book or graphic novel' has the second from the bottom value in the 'Year' column ?

Return only the value, with no additional words, punctuation, or explanation.
If you are unsure, return the most likely value from your knowledge; do not guess or make something up."
https://en.wikipedia.org/wiki/Aurealis_Award_for_Best_Young_Adult_Short_Story,Year,The Woods Echo Back,"['""Green Monkey Dreams""', 'The Wizard and Me', 'The Pipe', '""B\'ku, B\'ku""', '""At the Edge of the Sea""']",-1,"Based on the following table: 
Winners and nominees of the Aurealis Award for Best Young Adult Short Story.
```
Year,Author(s),Short story,Publisher or publication
1995,No award given,,
1996,Isobelle Carmody*,""""""Green Monkey Dreams"""""",Viking Press
1996,Dave Luckett,The Wizard and Me,Omnibus Books
1996,James Moloney,The Pipe,Lothian Books
1996,Gillian Rubinstein,""""""B'ku, B'ku"""""",Hyland House
1996,Keith Taylor,""""""At the Edge of the Sea"""""",Penguin Books
1997,Ruth Starke*,The Twist in the Tale,Lothian Books
1997,Sheryl Gardner,The Peppercorn Tree,Lothian Books
1997,Julie Ireland,""""""Hanging by a Thread"""""",HarperCollins
1998,No award given,,
1999,No award given,,
2000,Margo Lanagan*,""""""The Queen's Notice"""""",Allen & Unwin
2000,Brian Caswell,""""""Avalon"""""",Hodder Headline
2000,Margo Lanagan,""""""The Boy Who Didn't Yearn"""""",Allen & Unwin
2000,Margo Lanagan,""""""Midsummer Mission"""""",Allen & Unwin
2000,Margo Lanagan,""""""White Time"""""",Allen & Unwin
2001,Isobelle Carmody*,Dreamwalker,Lothian Books
2001,Garth Nix,""""""Lightning Bringer"""""",Simon & Schuster
2002,No award given,,
2003,No award given,,
2004,Margo Lanagan*,""""""Singing My Sister Down"""""",Allen & Unwin
2004,Chris Barnes,""""""The Glass Flower"""""",CSFG Publishing
2004,Bill Congreve,""""""The Shooter at Heartrock Waterhole"""""",Viking Press
2004,Margo Lanagan,""""""Rite of Spring"""""",Allen & Unwin
2005,Garth Nix*,""""""Nicholas Sayre and the Creature in the Case"""""",Allen & Unwin
2005,Dirk Flinthart,""""""The Red Priest's Homecoming"""""",Andromeda Spaceways Inflight Magazine
2006,Shaun Tan*,The Arrival,Lothian Books
2006,Deborah Biancotti,""""""The Dying Light"""""",Eidolon Books
2006,Simon Brown,""""""Leviathan"""""",Eidolon Books
2006,Margo Lanagan,""""""Baby Jane"""""",Allen & Unwin
2006,Margo Lanagan,""""""A Feather in the Breast of God"""""",Allen & Unwin
2006,Margo Lanagan,""""""Forever Upward"""""",Allen & Unwin
2007,Deborah Biancotti*,""""""A Scar for Leida"""""",Ticonderoga Publications
2007,Shane Jiraiya Cummings,""""""Yamabushi Kaidan and the Smoke Dragon"""""",Ticonderoga Publications
2007,Garth Nix,""""""Bad Luck, Trouble, Death and Vampire Sex"""""",Eclipse
2007,Garth Nix,""""""Holly and Iron"""""",Allen & Unwin
2007,Tracey Rolfe,""""""Cast Off"""""",Ticonderoga Publications
2008,Trent Jamieson*,""""""Cracks"""""",Shiny
2008,Deborah Biancotti,""""""The Tailor of Time"""""",Norilana Books
2008,Dirk Flinthart,""""""This Is Not My Story"""""",Andromeda Spaceways Inflight Magazine
2008,Kevin Maclean,""""""Eye of the Beholder"""""",DAW Books
2009,Cat Sparks*,""""""Seventeen"""""",CSFG Publishing
2009,Joanne Anderton,""""""Dragon Bones"""""",Andromeda Spaceways Inflight Magazine
2009,Sue Isle,""""""Paper Dragons"""""",Shiny
2009,Ian McHugh,""""""Once a Month, On a Sunday"""""",Andromeda Spaceways Inflight Magazine
2009,Tansy Rayner Roberts,""""""Like Us"""""",Shiny
2010,Margo Lanagan*,""""""A Thousand Flowers"""""",Allen & Unwin
2010,Aidan Doyle,""""""Inksucker"""""",FableCroft Publishing
2010,Dirk Flinthart,""""""One Story, No Refunds"""""",Shiny
2010,Kaia Landelius & Tansy Rayner Roberts,""""""Nine Times"""""",FableCroft Publishing
2010,Jen White,""""""An Ordinary Boy"""""",Tangled Bank Press
2011,Sue Isle*,""""""Nation of the Night"""""",Twelfth Planet Press
2011,Kathleen Jennings,""""""Finishing School"""""",Candlewick Press
2011,Cate Kennedy,""""""Seventy-Two Derwents"""""",Allen & Unwin
2011,Martine Murray,""""""One Window"""""",Allen & Unwin
2011,Tansy Rayner Roberts,""""""The Patrician"""""",Twelfth Planet Press
2012,Thoraiya Dyer*,""""""The Wisdom of the Ants"""""",Clarkesworld Magazine
2012,Justin D'Ath,""""""Stilled Lifes x 11"""""",Ford Street Publishing
2012,Jack Heath,""""""Rats"""""",Ford Street Publishing
2012,Jack Nicholls,""""""The Statues of Melbourne"""""",Andromeda Spaceways Inflight Magazine 56
2012,Adrienne Tam,""""""The Worry Man"""""",BusyBird Publishing
2013,Juliet Marillier*,""""""By Bone-light"""""",Ticonderoga Publications
2013,Joanne Anderton,""""""Mah Song"""""",FableCroft Publishing
2013,D. K. Mok,""""""Morning Star"""""",FableCroft Publishing
2013,Kim Wilkins,""""""The Year of Ancient Ghosts"""""",Ticonderoga Publications
2014,Dirk Flinthart*,""""""Vanilla"""""",Twelfth Planet Press
2014,Goldie Alexander,""""""In Hades"""""",Celapene Press
2014,Liz Argyll,""""""Falling Leaves"""""",Apex Magazine
2014,D M Cornish,""""""The Fuller and the Bogle"""""",Omnibus Books
2014,Faith Mudge,""""""Signature"""""",Twelfth Planet Press
2015,Deborah Kalin*,""""""The Miseducation of Mara Lys"""""",Twelfth Planet Press
2015,Kimberley Gaal,""""""In Sheep's Clothing"""""",Andromeda Spaceways Inflight Magazine 61
2015,Kimberley Gaal,""""""The Nexus Tree"""""",CSFG
2015,D. K. Mok,""""""The Heart of the Labyrinth"""""",Sorin Suciu
2015,Faith Mudge,""""""Blueblood"""""",Ticonderoga Publications
2015,Marlee Jane Ward,Welcome to Orphancorp,Seizure
2016,Leife Shallcross*,""""""Pretty Jennie Greenteeth"""""",Belladonna Publishing
2016,Lisa L. Hannett,""""""A Right Pretty Mate"""""",PS Australia
2016,Jack Nicholls,""""""Dune Time"""""",Tor.com
2016,Shauna O'Meara,""""""No One Here is Going to Save You"""""",FableCroft Publishing
2016,Tansy Rayner Roberts,""""""Did We Break the End of the World"""""",Twelfth Planet Press
2017,Tansy Rayner Roberts*,Girl Reporter,Book Smugglers
2017,Amie Kaufman,""""""One Small Step"""""",HarperCollins Australia
2017,Will Kostakis,""""""I Can See the Ending"""""",HarperCollins Australia
2017,Jaclyn Moriarty,""""""Competition Entry #349"""""",HarperCollins Australia
2017,Michael Pryor,""""""First Casualty"""""",HarperCollins Australia
2017,Lili Wilkinson,""""""Oona Underground"""""",HarperCollins Australia
2018,Shauna O'Meara*,""""""The Sea-Maker of Darmid Bay"""""",Interzone
2018,Lee Cope,""""""A Robot Like Me"""""",Twelfth Planet Press
2018,D. K. Mok,""""""The Moon Collector"""""",Owl Hollow Press
2018,Anya Ow,""""""Eight Step Koan"""""",Ate Bit Bear
2018,Deborah Sheldon,""""""For Weirdless Days and Weary Nights"""""",Breach 08
2019,Jo Hart,The Jindabyne Secret,Deadset Press
2019,K. S. Nikakis,Glass-Heart,SOV Media
2019,Tansy Rayner Roberts,""""""Dragon By Subscription"""""",
2019,Andrea Teare,""""""Seaweed"""""",Breach 11
2019,Ellen van Neerven,""""""Each City"""""",Walker Books Australia
2019,Marlee Jane Ward,""""""Rats"""""",Walker Books Australia
2020,Nikky Lee*,""""""Dingo & Sister"""""",Andromeda Spaceways Magazine
2020,Nikky Lee,""""""Ram's Revenge"""""",Deadset Press
2020,Juliet Marillier,""""""Pea Soup"""""",Serenity Press
2020,Juliet Marillier,""""""The Witching Well"""""",Serenity Press
2020,Freya Marske,""""""Eat Prey, Love"""""",CSFG Publishing
2020,Tansy Rayner Roberts,""""""Kids These Days"""""",Twelfth Planet Press
2021,Lisa Fuller*,""""""Don't Look!"""""",Wakefield Press
2021,Marianna Shek,""""""Hunger"""""",Wakefield Press
2021,Pamela Jeffs,""""""Of Slaves and Lions"""""",Deadset Press
2021,Emma Osborne,""""""Slaughterhouse Boys"""""",Wakefield Press
2021,Tansy Rayner Roberts,""""""Way-bread Rising"""""",Deadset Press
2021,Tania Fordwalker,""""""The Woods Echo Back"""""",""Beneath Ceaseless Skies , 3 Jun 2021""

```
Which 'Short story' has the second from the bottom value in the 'Year' column ?

Return only the value, with no additional words, punctuation, or explanation.
If you are unsure, return the most likely value from your knowledge; do not guess or make something up."
https://en.wikipedia.org/wiki/Australia_at_the_2017_Asian_Winter_Games,Men,1,"['Biathlon', 'Cross-country skiing', 'Freestyle skiing', 'Snowboarding']",-1,"Based on the following table: 
Number of Australian competitors by sport and gender at the 2017 Asian Winter Games
```
Sport,Men,Women,Total
Alpine skiing,1,1,2
Biathlon,2,2,4
Cross-country skiing,2,1,3
Figure skating,3,3,6
Freestyle skiing,2,2,4
Short track speed skating,5,1,6
Speed skating,1,0,1
Snowboarding,2,2,4
Total,18,12,30

```
Which 'Sport' has the second from the bottom value in the 'Men' column ?

Return only the value, with no additional words, punctuation, or explanation.
If you are unsure, return the most likely value from your knowledge; do not guess or make something up."
https://en.wikipedia.org/wiki/Australia_at_the_2022_Commonwealth_Games,Men,1.0,['Beach volleyball'],-1,"Based on the following table: 
Number of Australian competitors by sport and gender at the 2022 Commonwealth Games.
```
Sport,Men,Women,Total
Athletics,36.0,47,83
Badminton,5.0,5,10
3x3 Basketball,8.0,8,16
Beach volleyball,2.0,2,4
Boxing,7.0,4,11
Cricket,,15,15
Cycling,16.0,16,32
Diving,4.0,10,14
Field hockey,18.0,18,36
Gymnastics,5.0,8,13
Judo,7.0,4,11
Lawn bowls,10.0,8,18
Netball,,12,12
Para powerlifting,1.0,1,2
Rugby sevens,13.0,13,26
Squash,4.0,4,8
Swimming,38.0,35,73
Table tennis,6.0,8,14
Triathlon,9.0,5,14
Weightlifting,5.0,6,11
Wrestling,4.0,2,6
Total,198.0,231,429

```
Which 'Sport' has the second from the bottom value in the 'Men' column ?

Return only the value, with no additional words, punctuation, or explanation.
If you are unsure, return the most likely value from your knowledge; do not guess or make something up."
